file,mean_particles,n_samples,time_per_event,backend,algorithm,strategy,R
events-ee-Z.hepmc3.gz,43.05,16,15.99,FastJet,CA,N2Tiled,0.2
events-ee-H.hepmc3.gz,64.97,16,26.13,FastJet,CA,N2Tiled,0.2
events-pp-0.5TeV-5GeV.hepmc3.gz,112.62,16,37.63,FastJet,CA,N2Tiled,0.2
events-pp-1TeV-5GeV.hepmc3.gz,160.36,16,54.69,FastJet,CA,N2Tiled,0.2
events-pp-2TeV-5Gev.hepmc3.gz,188.21,16,68.48,FastJet,CA,N2Tiled,0.2
events-pp-1TeV.hepmc3.gz,226.98,16,86.43,FastJet,CA,N2Tiled,0.2
events-pp-2TeV.hepmc3.gz,226.98,16,86.59,FastJet,CA,N2Tiled,0.2
events-pp-5TeV-10GeV.hepmc3.gz,284.15,16,115.52,FastJet,CA,N2Tiled,0.2
events-pp-8TeV-20GeV.hepmc3.gz,354.18,16,163.57,FastJet,CA,N2Tiled,0.2
events-pp-13TeV-20GeV.hepmc3.gz,431.18,16,216.85,FastJet,CA,N2Tiled,0.2
events-pp-20TeV-20GeV.hepmc3.gz,524.59,16,292.61,FastJet,CA,N2Tiled,0.2
events-pp-20TeV-50GeV.hepmc3.gz,553.64,16,334.67,FastJet,CA,N2Tiled,0.2
events-pp-30TeV-50GeV.hepmc3.gz,632.29,16,407.46,FastJet,CA,N2Tiled,0.2
events-ee-Z.hepmc3.gz,43.05,16,22.99333,Julia,AntiKt,N2Tiled,3.0
events-ee-H.hepmc3.gz,64.97,16,38.0525,Julia,AntiKt,N2Tiled,3.0
events-pp-0.5TeV-5GeV.hepmc3.gz,112.62,16,74.93916,Julia,AntiKt,N2Tiled,3.0
events-pp-1TeV-5GeV.hepmc3.gz,160.36,16,117.98917,Julia,AntiKt,N2Tiled,3.0
events-pp-2TeV-5Gev.hepmc3.gz,188.21,16,149.64791000000002,Julia,AntiKt,N2Tiled,3.0
events-pp-1TeV.hepmc3.gz,226.98,16,193.82333,Julia,AntiKt,N2Tiled,3.0
events-pp-2TeV.hepmc3.gz,226.98,16,193.12666000000002,Julia,AntiKt,N2Tiled,3.0
events-pp-5TeV-10GeV.hepmc3.gz,284.15,16,263.19334,Julia,AntiKt,N2Tiled,3.0
events-pp-8TeV-20GeV.hepmc3.gz,354.18,16,367.815,Julia,AntiKt,N2Tiled,3.0
events-pp-13TeV-20GeV.hepmc3.gz,431.18,16,482.8775,Julia,AntiKt,N2Tiled,3.0
events-pp-20TeV-20GeV.hepmc3.gz,524.59,16,645.52542,Julia,AntiKt,N2Tiled,3.0
events-pp-20TeV-50GeV.hepmc3.gz,553.64,16,744.7916700000001,Julia,AntiKt,N2Tiled,3.0
events-pp-30TeV-50GeV.hepmc3.gz,632.29,16,865.26959,Julia,AntiKt,N2Tiled,3.0
events-ee-Z.hepmc3.gz,43.05,16,11.86042,Julia,AntiKt,N2Tiled,0.2
events-ee-H.hepmc3.gz,64.97,16,21.65916,Julia,AntiKt,N2Tiled,0.2
events-pp-0.5TeV-5GeV.hepmc3.gz,112.62,16,20.92208,Julia,AntiKt,N2Tiled,0.2
events-pp-1TeV-5GeV.hepmc3.gz,160.36,16,30.7575,Julia,AntiKt,N2Tiled,0.2
events-pp-2TeV-5Gev.hepmc3.gz,188.21,16,36.82166,Julia,AntiKt,N2Tiled,0.2
events-pp-1TeV.hepmc3.gz,226.98,16,50.06584,Julia,AntiKt,N2Tiled,0.2
events-pp-2TeV.hepmc3.gz,226.98,16,50.31167000000001,Julia,AntiKt,N2Tiled,0.2
events-pp-5TeV-10GeV.hepmc3.gz,284.15,16,62.74125,Julia,AntiKt,N2Tiled,0.2
events-pp-8TeV-20GeV.hepmc3.gz,354.18,16,87.43333000000001,Julia,AntiKt,N2Tiled,0.2
events-pp-13TeV-20GeV.hepmc3.gz,431.18,16,119.49167,Julia,AntiKt,N2Tiled,0.2
events-pp-20TeV-20GeV.hepmc3.gz,524.59,16,157.52791000000002,Julia,AntiKt,N2Tiled,0.2
events-pp-20TeV-50GeV.hepmc3.gz,553.64,16,183.01458,Julia,AntiKt,N2Tiled,0.2
events-pp-30TeV-50GeV.hepmc3.gz,632.29,16,208.07375,Julia,AntiKt,N2Tiled,0.2
events-ee-Z.hepmc3.gz,43.05,16,20.59,FastJet,CA,N2Tiled,1.5
events-ee-H.hepmc3.gz,64.97,16,33.76,FastJet,CA,N2Tiled,1.5
events-pp-0.5TeV-5GeV.hepmc3.gz,112.62,16,63.03,FastJet,CA,N2Tiled,1.5
events-pp-1TeV-5GeV.hepmc3.gz,160.36,16,99.36,FastJet,CA,N2Tiled,1.5
events-pp-2TeV-5Gev.hepmc3.gz,188.21,16,125.22,FastJet,CA,N2Tiled,1.5
events-pp-1TeV.hepmc3.gz,226.98,16,162.53,FastJet,CA,N2Tiled,1.5
events-pp-2TeV.hepmc3.gz,226.98,16,162.51,FastJet,CA,N2Tiled,1.5
events-pp-5TeV-10GeV.hepmc3.gz,284.15,16,220.7,FastJet,CA,N2Tiled,1.5
events-pp-8TeV-20GeV.hepmc3.gz,354.18,16,309.38,FastJet,CA,N2Tiled,1.5
events-pp-13TeV-20GeV.hepmc3.gz,431.18,16,409.7,FastJet,CA,N2Tiled,1.5
events-pp-20TeV-20GeV.hepmc3.gz,524.59,16,549.71,FastJet,CA,N2Tiled,1.5
events-pp-20TeV-50GeV.hepmc3.gz,553.64,16,618.19,FastJet,CA,N2Tiled,1.5
events-pp-30TeV-50GeV.hepmc3.gz,632.29,16,747.73,FastJet,CA,N2Tiled,1.5
events-ee-Z.hepmc3.gz,43.05,16,19.07,FastJet,Kt,N2Tiled,1.0
events-ee-H.hepmc3.gz,64.97,16,31.75,FastJet,Kt,N2Tiled,1.0
events-pp-0.5TeV-5GeV.hepmc3.gz,112.62,16,54.52,FastJet,Kt,N2Tiled,1.0
events-pp-1TeV-5GeV.hepmc3.gz,160.36,16,86.0,FastJet,Kt,N2Tiled,1.0
events-pp-2TeV-5Gev.hepmc3.gz,188.21,16,107.81,FastJet,Kt,N2Tiled,1.0
events-pp-1TeV.hepmc3.gz,226.98,16,140.81,FastJet,Kt,N2Tiled,1.0
events-pp-2TeV.hepmc3.gz,226.98,16,140.67,FastJet,Kt,N2Tiled,1.0
events-pp-5TeV-10GeV.hepmc3.gz,284.15,16,189.41,FastJet,Kt,N2Tiled,1.0
events-pp-8TeV-20GeV.hepmc3.gz,354.18,16,264.42,FastJet,Kt,N2Tiled,1.0
events-pp-13TeV-20GeV.hepmc3.gz,431.18,16,348.6,FastJet,Kt,N2Tiled,1.0
events-pp-20TeV-20GeV.hepmc3.gz,524.59,16,463.53,FastJet,Kt,N2Tiled,1.0
events-pp-20TeV-50GeV.hepmc3.gz,553.64,16,520.62,FastJet,Kt,N2Tiled,1.0
events-pp-30TeV-50GeV.hepmc3.gz,632.29,16,627.45,FastJet,Kt,N2Tiled,1.0
events-ee-Z.hepmc3.gz,43.05,16,21.34,FastJet,Kt,N2Tiled,3.0
events-ee-H.hepmc3.gz,64.97,16,35.66,FastJet,Kt,N2Tiled,3.0
events-pp-0.5TeV-5GeV.hepmc3.gz,112.62,16,76.64,FastJet,Kt,N2Tiled,3.0
events-pp-1TeV-5GeV.hepmc3.gz,160.36,16,123.27,FastJet,Kt,N2Tiled,3.0
events-pp-2TeV-5Gev.hepmc3.gz,188.21,16,158.29,FastJet,Kt,N2Tiled,3.0
events-pp-1TeV.hepmc3.gz,226.98,16,207.1,FastJet,Kt,N2Tiled,3.0
events-pp-2TeV.hepmc3.gz,226.98,16,206.73,FastJet,Kt,N2Tiled,3.0
events-pp-5TeV-10GeV.hepmc3.gz,284.15,16,290.33,FastJet,Kt,N2Tiled,3.0
events-pp-8TeV-20GeV.hepmc3.gz,354.18,16,413.96,FastJet,Kt,N2Tiled,3.0
events-pp-13TeV-20GeV.hepmc3.gz,431.18,16,553.32,FastJet,Kt,N2Tiled,3.0
events-pp-20TeV-20GeV.hepmc3.gz,524.59,16,763.01,FastJet,Kt,N2Tiled,3.0
events-pp-20TeV-50GeV.hepmc3.gz,553.64,16,858.68,FastJet,Kt,N2Tiled,3.0
events-pp-30TeV-50GeV.hepmc3.gz,632.29,16,1064.8,FastJet,Kt,N2Tiled,3.0
events-ee-Z.hepmc3.gz,43.05,16,19.02,FastJet,Kt,N2Plain,0.2
events-ee-H.hepmc3.gz,64.97,16,35.04,FastJet,Kt,N2Plain,0.2
events-pp-0.5TeV-5GeV.hepmc3.gz,112.62,16,363.62,FastJet,Kt,N2Plain,0.2
events-pp-1TeV-5GeV.hepmc3.gz,160.36,16,930.61,FastJet,Kt,N2Plain,0.2
events-pp-2TeV-5Gev.hepmc3.gz,188.21,16,1631.79,FastJet,Kt,N2Plain,0.2
events-pp-1TeV.hepmc3.gz,226.98,16,2033.56,FastJet,Kt,N2Plain,0.2
events-pp-2TeV.hepmc3.gz,226.98,16,2034.65,FastJet,Kt,N2Plain,0.2
events-pp-5TeV-10GeV.hepmc3.gz,284.15,16,4384.16,FastJet,Kt,N2Plain,0.2
events-pp-8TeV-20GeV.hepmc3.gz,354.18,16,7165.19,FastJet,Kt,N2Plain,0.2
events-pp-13TeV-20GeV.hepmc3.gz,431.18,16,10969.9,FastJet,Kt,N2Plain,0.2
events-pp-20TeV-20GeV.hepmc3.gz,524.59,16,17528.1,FastJet,Kt,N2Plain,0.2
events-pp-20TeV-50GeV.hepmc3.gz,553.64,16,18148.3,FastJet,Kt,N2Plain,0.2
events-pp-30TeV-50GeV.hepmc3.gz,632.29,16,24648.1,FastJet,Kt,N2Plain,0.2
events-ee-Z.hepmc3.gz,43.05,16,19.14,FastJet,AntiKt,N2Tiled,1.0
events-ee-H.hepmc3.gz,64.97,16,30.93,FastJet,AntiKt,N2Tiled,1.0
events-pp-0.5TeV-5GeV.hepmc3.gz,112.62,16,53.49,FastJet,AntiKt,N2Tiled,1.0
events-pp-1TeV-5GeV.hepmc3.gz,160.36,16,84.27,FastJet,AntiKt,N2Tiled,1.0
events-pp-2TeV-5Gev.hepmc3.gz,188.21,16,105.61,FastJet,AntiKt,N2Tiled,1.0
events-pp-1TeV.hepmc3.gz,226.98,16,135.48,FastJet,AntiKt,N2Tiled,1.0
events-pp-2TeV.hepmc3.gz,226.98,16,135.45,FastJet,AntiKt,N2Tiled,1.0
events-pp-5TeV-10GeV.hepmc3.gz,284.15,16,184.17,FastJet,AntiKt,N2Tiled,1.0
events-pp-8TeV-20GeV.hepmc3.gz,354.18,16,254.5,FastJet,AntiKt,N2Tiled,1.0
events-pp-13TeV-20GeV.hepmc3.gz,431.18,16,336.03,FastJet,AntiKt,N2Tiled,1.0
events-pp-20TeV-20GeV.hepmc3.gz,524.59,16,448.32,FastJet,AntiKt,N2Tiled,1.0
events-pp-20TeV-50GeV.hepmc3.gz,553.64,16,498.1,FastJet,AntiKt,N2Tiled,1.0
events-pp-30TeV-50GeV.hepmc3.gz,632.29,16,600.84,FastJet,AntiKt,N2Tiled,1.0
events-ee-Z.hepmc3.gz,43.05,16,14.41,FastJet,Kt,N2Plain,0.4
events-ee-H.hepmc3.gz,64.97,16,25.89,FastJet,Kt,N2Plain,0.4
events-pp-0.5TeV-5GeV.hepmc3.gz,112.62,16,141.3,FastJet,Kt,N2Plain,0.4
events-pp-1TeV-5GeV.hepmc3.gz,160.36,16,286.16,FastJet,Kt,N2Plain,0.4
events-pp-2TeV-5Gev.hepmc3.gz,188.21,16,420.02,FastJet,Kt,N2Plain,0.4
events-pp-1TeV.hepmc3.gz,226.98,16,521.38,FastJet,Kt,N2Plain,0.4
events-pp-2TeV.hepmc3.gz,226.98,16,521.43,FastJet,Kt,N2Plain,0.4
events-pp-5TeV-10GeV.hepmc3.gz,284.15,16,872.14,FastJet,Kt,N2Plain,0.4
events-pp-8TeV-20GeV.hepmc3.gz,354.18,16,1258.12,FastJet,Kt,N2Plain,0.4
events-pp-13TeV-20GeV.hepmc3.gz,431.18,16,1788.58,FastJet,Kt,N2Plain,0.4
events-pp-20TeV-20GeV.hepmc3.gz,524.59,16,2473.17,FastJet,Kt,N2Plain,0.4
events-pp-20TeV-50GeV.hepmc3.gz,553.64,16,2519.14,FastJet,Kt,N2Plain,0.4
events-pp-30TeV-50GeV.hepmc3.gz,632.29,16,3232.27,FastJet,Kt,N2Plain,0.4
events-ee-Z.hepmc3.gz,43.05,16,21.7,FastJet,CA,N2Tiled,2.0
events-ee-H.hepmc3.gz,64.97,16,36.28,FastJet,CA,N2Tiled,2.0
events-pp-0.5TeV-5GeV.hepmc3.gz,112.62,16,70.74,FastJet,CA,N2Tiled,2.0
events-pp-1TeV-5GeV.hepmc3.gz,160.36,16,112.84,FastJet,CA,N2Tiled,2.0
events-pp-2TeV-5Gev.hepmc3.gz,188.21,16,143.67,FastJet,CA,N2Tiled,2.0
events-pp-1TeV.hepmc3.gz,226.98,16,187.69,FastJet,CA,N2Tiled,2.0
events-pp-2TeV.hepmc3.gz,226.98,16,187.84,FastJet,CA,N2Tiled,2.0
events-pp-5TeV-10GeV.hepmc3.gz,284.15,16,257.87,FastJet,CA,N2Tiled,2.0
events-pp-8TeV-20GeV.hepmc3.gz,354.18,16,365.7,FastJet,CA,N2Tiled,2.0
events-pp-13TeV-20GeV.hepmc3.gz,431.18,16,486.23,FastJet,CA,N2Tiled,2.0
events-pp-20TeV-20GeV.hepmc3.gz,524.59,16,655.51,FastJet,CA,N2Tiled,2.0
events-pp-20TeV-50GeV.hepmc3.gz,553.64,16,746.77,FastJet,CA,N2Tiled,2.0
events-pp-30TeV-50GeV.hepmc3.gz,632.29,16,902.26,FastJet,CA,N2Tiled,2.0
events-ee-Z.hepmc3.gz,43.05,16,11.8225,Julia,AntiKt,N2Plain,1.5
events-ee-H.hepmc3.gz,64.97,16,23.5175,Julia,AntiKt,N2Plain,1.5
events-pp-0.5TeV-5GeV.hepmc3.gz,112.62,16,57.05625,Julia,AntiKt,N2Plain,1.5
events-pp-1TeV-5GeV.hepmc3.gz,160.36,16,108.54167,Julia,AntiKt,N2Plain,1.5
events-pp-2TeV-5Gev.hepmc3.gz,188.21,16,156.58209,Julia,AntiKt,N2Plain,1.5
events-pp-1TeV.hepmc3.gz,226.98,16,209.50166000000002,Julia,AntiKt,N2Plain,1.5
events-pp-2TeV.hepmc3.gz,226.98,16,210.85541,Julia,AntiKt,N2Plain,1.5
events-pp-5TeV-10GeV.hepmc3.gz,284.15,16,333.83457999999996,Julia,AntiKt,N2Plain,1.5
events-pp-8TeV-20GeV.hepmc3.gz,354.18,16,524.8125,Julia,AntiKt,N2Plain,1.5
events-pp-13TeV-20GeV.hepmc3.gz,431.18,16,752.75083,Julia,AntiKt,N2Plain,1.5
events-pp-20TeV-20GeV.hepmc3.gz,524.59,16,1098.55125,Julia,AntiKt,N2Plain,1.5
events-pp-20TeV-50GeV.hepmc3.gz,553.64,16,1242.2575,Julia,AntiKt,N2Plain,1.5
events-pp-30TeV-50GeV.hepmc3.gz,632.29,16,1576.58375,Julia,AntiKt,N2Plain,1.5
events-ee-Z.hepmc3.gz,43.05,16,16.00583,Julia,AntiKt,N2Tiled,0.4
events-ee-H.hepmc3.gz,64.97,16,27.571669999999997,Julia,AntiKt,N2Tiled,0.4
events-pp-0.5TeV-5GeV.hepmc3.gz,112.62,16,28.93334,Julia,AntiKt,N2Tiled,0.4
events-pp-1TeV-5GeV.hepmc3.gz,160.36,16,45.29875,Julia,AntiKt,N2Tiled,0.4
events-pp-2TeV-5Gev.hepmc3.gz,188.21,16,56.97833000000001,Julia,AntiKt,N2Tiled,0.4
events-pp-1TeV.hepmc3.gz,226.98,16,78.37333000000001,Julia,AntiKt,N2Tiled,0.4
events-pp-2TeV.hepmc3.gz,226.98,16,77.71125,Julia,AntiKt,N2Tiled,0.4
events-pp-5TeV-10GeV.hepmc3.gz,284.15,16,98.47833,Julia,AntiKt,N2Tiled,0.4
events-pp-8TeV-20GeV.hepmc3.gz,354.18,16,140.71583,Julia,AntiKt,N2Tiled,0.4
events-pp-13TeV-20GeV.hepmc3.gz,431.18,16,183.11167,Julia,AntiKt,N2Tiled,0.4
events-pp-20TeV-20GeV.hepmc3.gz,524.59,16,238.86375,Julia,AntiKt,N2Tiled,0.4
events-pp-20TeV-50GeV.hepmc3.gz,553.64,16,267.48375,Julia,AntiKt,N2Tiled,0.4
events-pp-30TeV-50GeV.hepmc3.gz,632.29,16,313.81208000000004,Julia,AntiKt,N2Tiled,0.4
events-ee-Z.hepmc3.gz,43.05,16,13.55,FastJet,AntiKt,N2Plain,1.0
events-ee-H.hepmc3.gz,64.97,16,23.96,FastJet,AntiKt,N2Plain,1.0
events-pp-0.5TeV-5GeV.hepmc3.gz,112.62,16,54.52,FastJet,AntiKt,N2Plain,1.0
events-pp-1TeV-5GeV.hepmc3.gz,160.36,16,96.04,FastJet,AntiKt,N2Plain,1.0
events-pp-2TeV-5Gev.hepmc3.gz,188.21,16,133.06,FastJet,AntiKt,N2Plain,1.0
events-pp-1TeV.hepmc3.gz,226.98,16,174.41,FastJet,AntiKt,N2Plain,1.0
events-pp-2TeV.hepmc3.gz,226.98,16,174.81,FastJet,AntiKt,N2Plain,1.0
events-pp-5TeV-10GeV.hepmc3.gz,284.15,16,264.47,FastJet,AntiKt,N2Plain,1.0
events-pp-8TeV-20GeV.hepmc3.gz,354.18,16,397.82,FastJet,AntiKt,N2Plain,1.0
events-pp-13TeV-20GeV.hepmc3.gz,431.18,16,558.39,FastJet,AntiKt,N2Plain,1.0
events-pp-20TeV-20GeV.hepmc3.gz,524.59,16,794.16,FastJet,AntiKt,N2Plain,1.0
events-pp-20TeV-50GeV.hepmc3.gz,553.64,16,898.25,FastJet,AntiKt,N2Plain,1.0
events-pp-30TeV-50GeV.hepmc3.gz,632.29,16,1126.16,FastJet,AntiKt,N2Plain,1.0
events-ee-Z.hepmc3.gz,43.05,16,13.64,FastJet,Kt,N2Plain,1.0
events-ee-H.hepmc3.gz,64.97,16,24.23,FastJet,Kt,N2Plain,1.0
events-pp-0.5TeV-5GeV.hepmc3.gz,112.62,16,55.92,FastJet,Kt,N2Plain,1.0
events-pp-1TeV-5GeV.hepmc3.gz,160.36,16,99.46,FastJet,Kt,N2Plain,1.0
events-pp-2TeV-5Gev.hepmc3.gz,188.21,16,138.85,FastJet,Kt,N2Plain,1.0
events-pp-1TeV.hepmc3.gz,226.98,16,182.37,FastJet,Kt,N2Plain,1.0
events-pp-2TeV.hepmc3.gz,226.98,16,182.37,FastJet,Kt,N2Plain,1.0
events-pp-5TeV-10GeV.hepmc3.gz,284.15,16,280.08,FastJet,Kt,N2Plain,1.0
events-pp-8TeV-20GeV.hepmc3.gz,354.18,16,423.84,FastJet,Kt,N2Plain,1.0
events-pp-13TeV-20GeV.hepmc3.gz,431.18,16,596.18,FastJet,Kt,N2Plain,1.0
events-pp-20TeV-20GeV.hepmc3.gz,524.59,16,850.77,FastJet,Kt,N2Plain,1.0
events-pp-20TeV-50GeV.hepmc3.gz,553.64,16,961.36,FastJet,Kt,N2Plain,1.0
events-pp-30TeV-50GeV.hepmc3.gz,632.29,16,1211.82,FastJet,Kt,N2Plain,1.0
events-ee-Z.hepmc3.gz,43.05,16,12.01417,Julia,AntiKt,N2Plain,3.0
events-ee-H.hepmc3.gz,64.97,16,22.99333,Julia,AntiKt,N2Plain,3.0
events-pp-0.5TeV-5GeV.hepmc3.gz,112.62,16,55.37708000000001,Julia,AntiKt,N2Plain,3.0
events-pp-1TeV-5GeV.hepmc3.gz,160.36,16,107.82125,Julia,AntiKt,N2Plain,3.0
events-pp-2TeV-5Gev.hepmc3.gz,188.21,16,154.28375,Julia,AntiKt,N2Plain,3.0
events-pp-1TeV.hepmc3.gz,226.98,16,206.39083,Julia,AntiKt,N2Plain,3.0
events-pp-2TeV.hepmc3.gz,226.98,16,205.53207999999998,Julia,AntiKt,N2Plain,3.0
events-pp-5TeV-10GeV.hepmc3.gz,284.15,16,328.65958,Julia,AntiKt,N2Plain,3.0
events-pp-8TeV-20GeV.hepmc3.gz,354.18,16,513.71792,Julia,AntiKt,N2Plain,3.0
events-pp-13TeV-20GeV.hepmc3.gz,431.18,16,737.88833,Julia,AntiKt,N2Plain,3.0
events-pp-20TeV-20GeV.hepmc3.gz,524.59,16,1068.04875,Julia,AntiKt,N2Plain,3.0
events-pp-20TeV-50GeV.hepmc3.gz,553.64,16,1222.35834,Julia,AntiKt,N2Plain,3.0
events-pp-30TeV-50GeV.hepmc3.gz,632.29,16,1536.73375,Julia,AntiKt,N2Plain,3.0
events-ee-Z.hepmc3.gz,43.05,16,20.43166,Julia,Kt,N2Tiled,1.0
events-ee-H.hepmc3.gz,64.97,16,33.6625,Julia,Kt,N2Tiled,1.0
events-pp-0.5TeV-5GeV.hepmc3.gz,112.62,16,54.99792,Julia,Kt,N2Tiled,1.0
events-pp-1TeV-5GeV.hepmc3.gz,160.36,16,84.14416000000001,Julia,Kt,N2Tiled,1.0
events-pp-2TeV-5Gev.hepmc3.gz,188.21,16,101.98334000000001,Julia,Kt,N2Tiled,1.0
events-pp-1TeV.hepmc3.gz,226.98,16,133.06833,Julia,Kt,N2Tiled,1.0
events-pp-2TeV.hepmc3.gz,226.98,16,133.06334,Julia,Kt,N2Tiled,1.0
events-pp-5TeV-10GeV.hepmc3.gz,284.15,16,170.07,Julia,Kt,N2Tiled,1.0
events-pp-8TeV-20GeV.hepmc3.gz,354.18,16,229.70583,Julia,Kt,N2Tiled,1.0
events-pp-13TeV-20GeV.hepmc3.gz,431.18,16,294.41333000000003,Julia,Kt,N2Tiled,1.0
events-pp-20TeV-20GeV.hepmc3.gz,524.59,16,380.26042,Julia,Kt,N2Tiled,1.0
events-pp-20TeV-50GeV.hepmc3.gz,553.64,16,423.82041,Julia,Kt,N2Tiled,1.0
events-pp-30TeV-50GeV.hepmc3.gz,632.29,16,494.95167000000004,Julia,Kt,N2Tiled,1.0
events-ee-Z.hepmc3.gz,43.05,16,22.00542,Julia,CA,N2Tiled,1.5
events-ee-H.hepmc3.gz,64.97,16,36.595,Julia,CA,N2Tiled,1.5
events-pp-0.5TeV-5GeV.hepmc3.gz,112.62,16,65.55459,Julia,CA,N2Tiled,1.5
events-pp-1TeV-5GeV.hepmc3.gz,160.36,16,100.77167,Julia,CA,N2Tiled,1.5
events-pp-2TeV-5Gev.hepmc3.gz,188.21,16,123.25959,Julia,CA,N2Tiled,1.5
events-pp-1TeV.hepmc3.gz,226.98,16,158.22417,Julia,CA,N2Tiled,1.5
events-pp-2TeV.hepmc3.gz,226.98,16,158.28708,Julia,CA,N2Tiled,1.5
events-pp-5TeV-10GeV.hepmc3.gz,284.15,16,204.58791000000002,Julia,CA,N2Tiled,1.5
events-pp-8TeV-20GeV.hepmc3.gz,354.18,16,281.68833,Julia,CA,N2Tiled,1.5
events-pp-13TeV-20GeV.hepmc3.gz,431.18,16,365.91459000000003,Julia,CA,N2Tiled,1.5
events-pp-20TeV-20GeV.hepmc3.gz,524.59,16,474.17125,Julia,CA,N2Tiled,1.5
events-pp-20TeV-50GeV.hepmc3.gz,553.64,16,530.44583,Julia,CA,N2Tiled,1.5
events-pp-30TeV-50GeV.hepmc3.gz,632.29,16,619.53917,Julia,CA,N2Tiled,1.5
events-ee-Z.hepmc3.gz,43.05,16,8.171660000000001,Julia,Kt,N2Plain,0.2
events-ee-H.hepmc3.gz,64.97,16,16.856659999999998,Julia,Kt,N2Plain,0.2
events-pp-0.5TeV-5GeV.hepmc3.gz,112.62,16,27.64292,Julia,Kt,N2Plain,0.2
events-pp-1TeV-5GeV.hepmc3.gz,160.36,16,56.14125,Julia,Kt,N2Plain,0.2
events-pp-2TeV-5Gev.hepmc3.gz,188.21,16,82.86708,Julia,Kt,N2Plain,0.2
events-pp-1TeV.hepmc3.gz,226.98,16,120.22041999999999,Julia,Kt,N2Plain,0.2
events-pp-2TeV.hepmc3.gz,226.98,16,119.33041999999999,Julia,Kt,N2Plain,0.2
events-pp-5TeV-10GeV.hepmc3.gz,284.15,16,191.3525,Julia,Kt,N2Plain,0.2
events-pp-8TeV-20GeV.hepmc3.gz,354.18,16,321.39375,Julia,Kt,N2Plain,0.2
events-pp-13TeV-20GeV.hepmc3.gz,431.18,16,477.41458,Julia,Kt,N2Plain,0.2
events-pp-20TeV-20GeV.hepmc3.gz,524.59,16,721.80083,Julia,Kt,N2Plain,0.2
events-pp-20TeV-50GeV.hepmc3.gz,553.64,16,856.7970799999999,Julia,Kt,N2Plain,0.2
events-pp-30TeV-50GeV.hepmc3.gz,632.29,16,1096.26542,Julia,Kt,N2Plain,0.2
events-ee-Z.hepmc3.gz,43.05,16,14.1,FastJet,CA,N2Plain,2.0
events-ee-H.hepmc3.gz,64.97,16,24.92,FastJet,CA,N2Plain,2.0
events-pp-0.5TeV-5GeV.hepmc3.gz,112.62,16,55.53,FastJet,CA,N2Plain,2.0
events-pp-1TeV-5GeV.hepmc3.gz,160.36,16,99.29,FastJet,CA,N2Plain,2.0
events-pp-2TeV-5Gev.hepmc3.gz,188.21,16,137.9,FastJet,CA,N2Plain,2.0
events-pp-1TeV.hepmc3.gz,226.98,16,183.35,FastJet,CA,N2Plain,2.0
events-pp-2TeV.hepmc3.gz,226.98,16,183.25,FastJet,CA,N2Plain,2.0
events-pp-5TeV-10GeV.hepmc3.gz,284.15,16,280.72,FastJet,CA,N2Plain,2.0
events-pp-8TeV-20GeV.hepmc3.gz,354.18,16,426.91,FastJet,CA,N2Plain,2.0
events-pp-13TeV-20GeV.hepmc3.gz,431.18,16,604.16,FastJet,CA,N2Plain,2.0
events-pp-20TeV-20GeV.hepmc3.gz,524.59,16,867.02,FastJet,CA,N2Plain,2.0
events-pp-20TeV-50GeV.hepmc3.gz,553.64,16,982.9,FastJet,CA,N2Plain,2.0
events-pp-30TeV-50GeV.hepmc3.gz,632.29,16,1242.29,FastJet,CA,N2Plain,2.0
events-ee-Z.hepmc3.gz,43.05,16,21.7,FastJet,CA,N2Tiled,3.0
events-ee-H.hepmc3.gz,64.97,16,36.32,FastJet,CA,N2Tiled,3.0
events-pp-0.5TeV-5GeV.hepmc3.gz,112.62,16,76.82,FastJet,CA,N2Tiled,3.0
events-pp-1TeV-5GeV.hepmc3.gz,160.36,16,123.85,FastJet,CA,N2Tiled,3.0
events-pp-2TeV-5Gev.hepmc3.gz,188.21,16,159.58,FastJet,CA,N2Tiled,3.0
events-pp-1TeV.hepmc3.gz,226.98,16,208.1,FastJet,CA,N2Tiled,3.0
events-pp-2TeV.hepmc3.gz,226.98,16,208.29,FastJet,CA,N2Tiled,3.0
events-pp-5TeV-10GeV.hepmc3.gz,284.15,16,291.11,FastJet,CA,N2Tiled,3.0
events-pp-8TeV-20GeV.hepmc3.gz,354.18,16,418.03,FastJet,CA,N2Tiled,3.0
events-pp-13TeV-20GeV.hepmc3.gz,431.18,16,559.82,FastJet,CA,N2Tiled,3.0
events-pp-20TeV-20GeV.hepmc3.gz,524.59,16,759.57,FastJet,CA,N2Tiled,3.0
events-pp-20TeV-50GeV.hepmc3.gz,553.64,16,867.8,FastJet,CA,N2Tiled,3.0
events-pp-30TeV-50GeV.hepmc3.gz,632.29,16,1048.43,FastJet,CA,N2Tiled,3.0
events-ee-Z.hepmc3.gz,43.05,16,13.98,FastJet,AntiKt,N2Plain,2.0
events-ee-H.hepmc3.gz,64.97,16,24.34,FastJet,AntiKt,N2Plain,2.0
events-pp-0.5TeV-5GeV.hepmc3.gz,112.62,16,52.5,FastJet,AntiKt,N2Plain,2.0
events-pp-1TeV-5GeV.hepmc3.gz,160.36,16,92.42,FastJet,AntiKt,N2Plain,2.0
events-pp-2TeV-5Gev.hepmc3.gz,188.21,16,127.18,FastJet,AntiKt,N2Plain,2.0
events-pp-1TeV.hepmc3.gz,226.98,16,167.05,FastJet,AntiKt,N2Plain,2.0
events-pp-2TeV.hepmc3.gz,226.98,16,171.69,FastJet,AntiKt,N2Plain,2.0
events-pp-5TeV-10GeV.hepmc3.gz,284.15,16,261.09,FastJet,AntiKt,N2Plain,2.0
events-pp-8TeV-20GeV.hepmc3.gz,354.18,16,382.59,FastJet,AntiKt,N2Plain,2.0
events-pp-13TeV-20GeV.hepmc3.gz,431.18,16,537.79,FastJet,AntiKt,N2Plain,2.0
events-pp-20TeV-20GeV.hepmc3.gz,524.59,16,769.19,FastJet,AntiKt,N2Plain,2.0
events-pp-20TeV-50GeV.hepmc3.gz,553.64,16,867.6,FastJet,AntiKt,N2Plain,2.0
events-pp-30TeV-50GeV.hepmc3.gz,632.29,16,1094.66,FastJet,AntiKt,N2Plain,2.0
events-ee-Z.hepmc3.gz,43.05,16,11.66666,Julia,CA,N2Plain,1.5
events-ee-H.hepmc3.gz,64.97,16,22.144160000000003,Julia,CA,N2Plain,1.5
events-pp-0.5TeV-5GeV.hepmc3.gz,112.62,16,59.69167,Julia,CA,N2Plain,1.5
events-pp-1TeV-5GeV.hepmc3.gz,160.36,16,109.3475,Julia,CA,N2Plain,1.5
events-pp-2TeV-5Gev.hepmc3.gz,188.21,16,159.90666000000002,Julia,CA,N2Plain,1.5
events-pp-1TeV.hepmc3.gz,226.98,16,213.51875,Julia,CA,N2Plain,1.5
events-pp-2TeV.hepmc3.gz,226.98,16,214.97125,Julia,CA,N2Plain,1.5
events-pp-5TeV-10GeV.hepmc3.gz,284.15,16,343.85666,Julia,CA,N2Plain,1.5
events-pp-8TeV-20GeV.hepmc3.gz,354.18,16,538.12417,Julia,CA,N2Plain,1.5
events-pp-13TeV-20GeV.hepmc3.gz,431.18,16,779.69125,Julia,CA,N2Plain,1.5
events-pp-20TeV-20GeV.hepmc3.gz,524.59,16,1133.57292,Julia,CA,N2Plain,1.5
events-pp-20TeV-50GeV.hepmc3.gz,553.64,16,1286.955,Julia,CA,N2Plain,1.5
events-pp-30TeV-50GeV.hepmc3.gz,632.29,16,1630.5091700000003,Julia,CA,N2Plain,1.5
events-ee-Z.hepmc3.gz,43.05,16,9.91167,Julia,Kt,N2Plain,0.4
events-ee-H.hepmc3.gz,64.97,16,19.21583,Julia,Kt,N2Plain,0.4
events-pp-0.5TeV-5GeV.hepmc3.gz,112.62,16,42.134170000000005,Julia,Kt,N2Plain,0.4
events-pp-1TeV-5GeV.hepmc3.gz,160.36,16,85.00416999999999,Julia,Kt,N2Plain,0.4
events-pp-2TeV-5Gev.hepmc3.gz,188.21,16,127.215,Julia,Kt,N2Plain,0.4
events-pp-1TeV.hepmc3.gz,226.98,16,179.105,Julia,Kt,N2Plain,0.4
events-pp-2TeV.hepmc3.gz,226.98,16,177.64209,Julia,Kt,N2Plain,0.4
events-pp-5TeV-10GeV.hepmc3.gz,284.15,16,290.20291000000003,Julia,Kt,N2Plain,0.4
events-pp-8TeV-20GeV.hepmc3.gz,354.18,16,463.90417,Julia,Kt,N2Plain,0.4
events-pp-13TeV-20GeV.hepmc3.gz,431.18,16,682.61,Julia,Kt,N2Plain,0.4
events-pp-20TeV-20GeV.hepmc3.gz,524.59,16,1013.47209,Julia,Kt,N2Plain,0.4
events-pp-20TeV-50GeV.hepmc3.gz,553.64,16,1163.49708,Julia,Kt,N2Plain,0.4
events-pp-30TeV-50GeV.hepmc3.gz,632.29,16,1465.27791,Julia,Kt,N2Plain,0.4
events-ee-Z.hepmc3.gz,43.05,16,11.861669999999998,Julia,AntiKt,N2Plain,2.0
events-ee-H.hepmc3.gz,64.97,16,22.68083,Julia,AntiKt,N2Plain,2.0
events-pp-0.5TeV-5GeV.hepmc3.gz,112.62,16,57.16959,Julia,AntiKt,N2Plain,2.0
events-pp-1TeV-5GeV.hepmc3.gz,160.36,16,109.91834,Julia,AntiKt,N2Plain,2.0
events-pp-2TeV-5Gev.hepmc3.gz,188.21,16,157.80167,Julia,AntiKt,N2Plain,2.0
events-pp-1TeV.hepmc3.gz,226.98,16,208.58375,Julia,AntiKt,N2Plain,2.0
events-pp-2TeV.hepmc3.gz,226.98,16,208.86709,Julia,AntiKt,N2Plain,2.0
events-pp-5TeV-10GeV.hepmc3.gz,284.15,16,338.02290999999997,Julia,AntiKt,N2Plain,2.0
events-pp-8TeV-20GeV.hepmc3.gz,354.18,16,527.71375,Julia,AntiKt,N2Plain,2.0
events-pp-13TeV-20GeV.hepmc3.gz,431.18,16,753.77333,Julia,AntiKt,N2Plain,2.0
events-pp-20TeV-20GeV.hepmc3.gz,524.59,16,1096.07958,Julia,AntiKt,N2Plain,2.0
events-pp-20TeV-50GeV.hepmc3.gz,553.64,16,1247.97458,Julia,AntiKt,N2Plain,2.0
events-pp-30TeV-50GeV.hepmc3.gz,632.29,16,1578.0129200000001,Julia,AntiKt,N2Plain,2.0
events-ee-Z.hepmc3.gz,43.05,16,21.14666,Julia,Kt,N2Tiled,1.5
events-ee-H.hepmc3.gz,64.97,16,35.55917,Julia,Kt,N2Tiled,1.5
events-pp-0.5TeV-5GeV.hepmc3.gz,112.62,16,65.52167,Julia,Kt,N2Tiled,1.5
events-pp-1TeV-5GeV.hepmc3.gz,160.36,16,100.51625,Julia,Kt,N2Tiled,1.5
events-pp-2TeV-5Gev.hepmc3.gz,188.21,16,122.94792,Julia,Kt,N2Tiled,1.5
events-pp-1TeV.hepmc3.gz,226.98,16,159.25209,Julia,Kt,N2Tiled,1.5
events-pp-2TeV.hepmc3.gz,226.98,16,158.0725,Julia,Kt,N2Tiled,1.5
events-pp-5TeV-10GeV.hepmc3.gz,284.15,16,206.77041,Julia,Kt,N2Tiled,1.5
events-pp-8TeV-20GeV.hepmc3.gz,354.18,16,281.45292,Julia,Kt,N2Tiled,1.5
events-pp-13TeV-20GeV.hepmc3.gz,431.18,16,360.19542,Julia,Kt,N2Tiled,1.5
events-pp-20TeV-20GeV.hepmc3.gz,524.59,16,467.30625,Julia,Kt,N2Tiled,1.5
events-pp-20TeV-50GeV.hepmc3.gz,553.64,16,524.95708,Julia,Kt,N2Tiled,1.5
events-pp-30TeV-50GeV.hepmc3.gz,632.29,16,620.9975,Julia,Kt,N2Tiled,1.5
events-ee-Z.hepmc3.gz,43.05,16,19.734170000000002,Julia,AntiKt,N2Tiled,1.0
events-ee-H.hepmc3.gz,64.97,16,31.934590000000004,Julia,AntiKt,N2Tiled,1.0
events-pp-0.5TeV-5GeV.hepmc3.gz,112.62,16,53.13834,Julia,AntiKt,N2Tiled,1.0
events-pp-1TeV-5GeV.hepmc3.gz,160.36,16,81.41041,Julia,AntiKt,N2Tiled,1.0
events-pp-2TeV-5Gev.hepmc3.gz,188.21,16,99.05875,Julia,AntiKt,N2Tiled,1.0
events-pp-1TeV.hepmc3.gz,226.98,16,126.40791999999999,Julia,AntiKt,N2Tiled,1.0
events-pp-2TeV.hepmc3.gz,226.98,16,126.06792,Julia,AntiKt,N2Tiled,1.0
events-pp-5TeV-10GeV.hepmc3.gz,284.15,16,163.49708,Julia,AntiKt,N2Tiled,1.0
events-pp-8TeV-20GeV.hepmc3.gz,354.18,16,216.30917000000002,Julia,AntiKt,N2Tiled,1.0
events-pp-13TeV-20GeV.hepmc3.gz,431.18,16,283.22708,Julia,AntiKt,N2Tiled,1.0
events-pp-20TeV-20GeV.hepmc3.gz,524.59,16,357.72,Julia,AntiKt,N2Tiled,1.0
events-pp-20TeV-50GeV.hepmc3.gz,553.64,16,394.21125,Julia,AntiKt,N2Tiled,1.0
events-pp-30TeV-50GeV.hepmc3.gz,632.29,16,465.5175,Julia,AntiKt,N2Tiled,1.0
events-ee-Z.hepmc3.gz,43.05,16,14.38,FastJet,AntiKt,N2Plain,0.4
events-ee-H.hepmc3.gz,64.97,16,25.8,FastJet,AntiKt,N2Plain,0.4
events-pp-0.5TeV-5GeV.hepmc3.gz,112.62,16,146.9,FastJet,AntiKt,N2Plain,0.4
events-pp-1TeV-5GeV.hepmc3.gz,160.36,16,301.05,FastJet,AntiKt,N2Plain,0.4
events-pp-2TeV-5Gev.hepmc3.gz,188.21,16,458.84,FastJet,AntiKt,N2Plain,0.4
events-pp-1TeV.hepmc3.gz,226.98,16,531.82,FastJet,AntiKt,N2Plain,0.4
events-pp-2TeV.hepmc3.gz,226.98,16,531.03,FastJet,AntiKt,N2Plain,0.4
events-pp-5TeV-10GeV.hepmc3.gz,284.15,16,918.6,FastJet,AntiKt,N2Plain,0.4
events-pp-8TeV-20GeV.hepmc3.gz,354.18,16,1301.34,FastJet,AntiKt,N2Plain,0.4
events-pp-13TeV-20GeV.hepmc3.gz,431.18,16,1896.23,FastJet,AntiKt,N2Plain,0.4
events-pp-20TeV-20GeV.hepmc3.gz,524.59,16,2623.3,FastJet,AntiKt,N2Plain,0.4
events-pp-20TeV-50GeV.hepmc3.gz,553.64,16,2562.43,FastJet,AntiKt,N2Plain,0.4
events-pp-30TeV-50GeV.hepmc3.gz,632.29,16,3303.57,FastJet,AntiKt,N2Plain,0.4
events-ee-Z.hepmc3.gz,43.05,16,11.9125,Julia,CA,N2Tiled,0.2
events-ee-H.hepmc3.gz,64.97,16,22.03709,Julia,CA,N2Tiled,0.2
events-pp-0.5TeV-5GeV.hepmc3.gz,112.62,16,19.91041,Julia,CA,N2Tiled,0.2
events-pp-1TeV-5GeV.hepmc3.gz,160.36,16,29.266669999999998,Julia,CA,N2Tiled,0.2
events-pp-2TeV-5Gev.hepmc3.gz,188.21,16,35.4525,Julia,CA,N2Tiled,0.2
events-pp-1TeV.hepmc3.gz,226.98,16,50.65791,Julia,CA,N2Tiled,0.2
events-pp-2TeV.hepmc3.gz,226.98,16,49.47083000000001,Julia,CA,N2Tiled,0.2
events-pp-5TeV-10GeV.hepmc3.gz,284.15,16,60.23042,Julia,CA,N2Tiled,0.2
events-pp-8TeV-20GeV.hepmc3.gz,354.18,16,86.8425,Julia,CA,N2Tiled,0.2
events-pp-13TeV-20GeV.hepmc3.gz,431.18,16,114.93417,Julia,CA,N2Tiled,0.2
events-pp-20TeV-20GeV.hepmc3.gz,524.59,16,152.76333,Julia,CA,N2Tiled,0.2
events-pp-20TeV-50GeV.hepmc3.gz,553.64,16,176.13333,Julia,CA,N2Tiled,0.2
events-pp-30TeV-50GeV.hepmc3.gz,632.29,16,204.56333999999998,Julia,CA,N2Tiled,0.2
events-ee-Z.hepmc3.gz,43.05,16,11.08834,Julia,Kt,N2Plain,1.0
events-ee-H.hepmc3.gz,64.97,16,21.152910000000002,Julia,Kt,N2Plain,1.0
events-pp-0.5TeV-5GeV.hepmc3.gz,112.62,16,54.0875,Julia,Kt,N2Plain,1.0
events-pp-1TeV-5GeV.hepmc3.gz,160.36,16,105.865,Julia,Kt,N2Plain,1.0
events-pp-2TeV-5Gev.hepmc3.gz,188.21,16,155.64833000000002,Julia,Kt,N2Plain,1.0
events-pp-1TeV.hepmc3.gz,226.98,16,206.20042,Julia,Kt,N2Plain,1.0
events-pp-2TeV.hepmc3.gz,226.98,16,206.43457999999998,Julia,Kt,N2Plain,1.0
events-pp-5TeV-10GeV.hepmc3.gz,284.15,16,340.61667,Julia,Kt,N2Plain,1.0
events-pp-8TeV-20GeV.hepmc3.gz,354.18,16,523.14208,Julia,Kt,N2Plain,1.0
events-pp-13TeV-20GeV.hepmc3.gz,431.18,16,744.83708,Julia,Kt,N2Plain,1.0
events-pp-20TeV-20GeV.hepmc3.gz,524.59,16,1094.7625,Julia,Kt,N2Plain,1.0
events-pp-20TeV-50GeV.hepmc3.gz,553.64,16,1245.73,Julia,Kt,N2Plain,1.0
events-pp-30TeV-50GeV.hepmc3.gz,632.29,16,1600.7183300000002,Julia,Kt,N2Plain,1.0
events-ee-Z.hepmc3.gz,43.05,16,23.23125,Julia,Kt,N2Tiled,3.0
events-ee-H.hepmc3.gz,64.97,16,38.36625,Julia,Kt,N2Tiled,3.0
events-pp-0.5TeV-5GeV.hepmc3.gz,112.62,16,80.92708,Julia,Kt,N2Tiled,3.0
events-pp-1TeV-5GeV.hepmc3.gz,160.36,16,127.37625,Julia,Kt,N2Tiled,3.0
events-pp-2TeV-5Gev.hepmc3.gz,188.21,16,160.92375,Julia,Kt,N2Tiled,3.0
events-pp-1TeV.hepmc3.gz,226.98,16,208.3175,Julia,Kt,N2Tiled,3.0
events-pp-2TeV.hepmc3.gz,226.98,16,210.07333,Julia,Kt,N2Tiled,3.0
events-pp-5TeV-10GeV.hepmc3.gz,284.15,16,283.4475,Julia,Kt,N2Tiled,3.0
events-pp-8TeV-20GeV.hepmc3.gz,354.18,16,399.04625,Julia,Kt,N2Tiled,3.0
events-pp-13TeV-20GeV.hepmc3.gz,431.18,16,525.0925,Julia,Kt,N2Tiled,3.0
events-pp-20TeV-20GeV.hepmc3.gz,524.59,16,694.33916,Julia,Kt,N2Tiled,3.0
events-pp-20TeV-50GeV.hepmc3.gz,553.64,16,785.92542,Julia,Kt,N2Tiled,3.0
events-pp-30TeV-50GeV.hepmc3.gz,632.29,16,936.45625,Julia,Kt,N2Tiled,3.0
events-ee-Z.hepmc3.gz,43.05,16,8.59708,Julia,AntiKt,N2Plain,0.2
events-ee-H.hepmc3.gz,64.97,16,18.965,Julia,AntiKt,N2Plain,0.2
events-pp-0.5TeV-5GeV.hepmc3.gz,112.62,16,28.0625,Julia,AntiKt,N2Plain,0.2
events-pp-1TeV-5GeV.hepmc3.gz,160.36,16,56.34125,Julia,AntiKt,N2Plain,0.2
events-pp-2TeV-5Gev.hepmc3.gz,188.21,16,83.94041000000001,Julia,AntiKt,N2Plain,0.2
events-pp-1TeV.hepmc3.gz,226.98,16,126.45291999999999,Julia,AntiKt,N2Plain,0.2
events-pp-2TeV.hepmc3.gz,226.98,16,126.56666000000001,Julia,AntiKt,N2Plain,0.2
events-pp-5TeV-10GeV.hepmc3.gz,284.15,16,195.055,Julia,AntiKt,N2Plain,0.2
events-pp-8TeV-20GeV.hepmc3.gz,354.18,16,331.83207999999996,Julia,AntiKt,N2Plain,0.2
events-pp-13TeV-20GeV.hepmc3.gz,431.18,16,490.34333,Julia,AntiKt,N2Plain,0.2
events-pp-20TeV-20GeV.hepmc3.gz,524.59,16,721.68792,Julia,AntiKt,N2Plain,0.2
events-pp-20TeV-50GeV.hepmc3.gz,553.64,16,885.56958,Julia,AntiKt,N2Plain,0.2
events-pp-30TeV-50GeV.hepmc3.gz,632.29,16,1131.72042,Julia,AntiKt,N2Plain,0.2
events-ee-Z.hepmc3.gz,43.05,16,17.93,FastJet,AntiKt,N2Plain,0.2
events-ee-H.hepmc3.gz,64.97,16,32.78,FastJet,AntiKt,N2Plain,0.2
events-pp-0.5TeV-5GeV.hepmc3.gz,112.62,16,367.34,FastJet,AntiKt,N2Plain,0.2
events-pp-1TeV-5GeV.hepmc3.gz,160.36,16,967.96,FastJet,AntiKt,N2Plain,0.2
events-pp-2TeV-5Gev.hepmc3.gz,188.21,16,1705.8,FastJet,AntiKt,N2Plain,0.2
events-pp-1TeV.hepmc3.gz,226.98,16,2094.02,FastJet,AntiKt,N2Plain,0.2
events-pp-2TeV.hepmc3.gz,226.98,16,2088.39,FastJet,AntiKt,N2Plain,0.2
events-pp-5TeV-10GeV.hepmc3.gz,284.15,16,4592.3,FastJet,AntiKt,N2Plain,0.2
events-pp-8TeV-20GeV.hepmc3.gz,354.18,16,7483.45,FastJet,AntiKt,N2Plain,0.2
events-pp-13TeV-20GeV.hepmc3.gz,431.18,16,11341.4,FastJet,AntiKt,N2Plain,0.2
events-pp-20TeV-20GeV.hepmc3.gz,524.59,16,18340.2,FastJet,AntiKt,N2Plain,0.2
events-pp-20TeV-50GeV.hepmc3.gz,553.64,16,18484.8,FastJet,AntiKt,N2Plain,0.2
events-pp-30TeV-50GeV.hepmc3.gz,632.29,16,25451.1,FastJet,AntiKt,N2Plain,0.2
events-ee-Z.hepmc3.gz,43.05,16,20.22,FastJet,AntiKt,N2Tiled,1.5
events-ee-H.hepmc3.gz,64.97,16,32.66,FastJet,AntiKt,N2Tiled,1.5
events-pp-0.5TeV-5GeV.hepmc3.gz,112.62,16,61.26,FastJet,AntiKt,N2Tiled,1.5
events-pp-1TeV-5GeV.hepmc3.gz,160.36,16,96.18,FastJet,AntiKt,N2Tiled,1.5
events-pp-2TeV-5Gev.hepmc3.gz,188.21,16,121.4,FastJet,AntiKt,N2Tiled,1.5
events-pp-1TeV.hepmc3.gz,226.98,16,154.46,FastJet,AntiKt,N2Tiled,1.5
events-pp-2TeV.hepmc3.gz,226.98,16,154.55,FastJet,AntiKt,N2Tiled,1.5
events-pp-5TeV-10GeV.hepmc3.gz,284.15,16,211.19,FastJet,AntiKt,N2Tiled,1.5
events-pp-8TeV-20GeV.hepmc3.gz,354.18,16,294.17,FastJet,AntiKt,N2Tiled,1.5
events-pp-13TeV-20GeV.hepmc3.gz,431.18,16,389.64,FastJet,AntiKt,N2Tiled,1.5
events-pp-20TeV-20GeV.hepmc3.gz,524.59,16,521.97,FastJet,AntiKt,N2Tiled,1.5
events-pp-20TeV-50GeV.hepmc3.gz,553.64,16,587.63,FastJet,AntiKt,N2Tiled,1.5
events-pp-30TeV-50GeV.hepmc3.gz,632.29,16,708.28,FastJet,AntiKt,N2Tiled,1.5
events-ee-Z.hepmc3.gz,43.05,16,16.14,FastJet,CA,N2Plain,0.2
events-ee-H.hepmc3.gz,64.97,16,31.29,FastJet,CA,N2Plain,0.2
events-pp-0.5TeV-5GeV.hepmc3.gz,112.62,16,350.54,FastJet,CA,N2Plain,0.2
events-pp-1TeV-5GeV.hepmc3.gz,160.36,16,953.77,FastJet,CA,N2Plain,0.2
events-pp-2TeV-5Gev.hepmc3.gz,188.21,16,1651.18,FastJet,CA,N2Plain,0.2
events-pp-1TeV.hepmc3.gz,226.98,16,2009.59,FastJet,CA,N2Plain,0.2
events-pp-2TeV.hepmc3.gz,226.98,16,2006.66,FastJet,CA,N2Plain,0.2
events-pp-5TeV-10GeV.hepmc3.gz,284.15,16,4448.4,FastJet,CA,N2Plain,0.2
events-pp-8TeV-20GeV.hepmc3.gz,354.18,16,7412.04,FastJet,CA,N2Plain,0.2
events-pp-13TeV-20GeV.hepmc3.gz,431.18,16,11498.4,FastJet,CA,N2Plain,0.2
events-pp-20TeV-20GeV.hepmc3.gz,524.59,16,18668.1,FastJet,CA,N2Plain,0.2
events-pp-20TeV-50GeV.hepmc3.gz,553.64,16,18800.2,FastJet,CA,N2Plain,0.2
events-pp-30TeV-50GeV.hepmc3.gz,632.29,16,25753.8,FastJet,CA,N2Plain,0.2
events-ee-Z.hepmc3.gz,43.05,16,11.27875,Julia,CA,N2Plain,1.0
events-ee-H.hepmc3.gz,64.97,16,21.77917,Julia,CA,N2Plain,1.0
events-pp-0.5TeV-5GeV.hepmc3.gz,112.62,16,54.66,Julia,CA,N2Plain,1.0
events-pp-1TeV-5GeV.hepmc3.gz,160.36,16,108.11583,Julia,CA,N2Plain,1.0
events-pp-2TeV-5Gev.hepmc3.gz,188.21,16,157.2125,Julia,CA,N2Plain,1.0
events-pp-1TeV.hepmc3.gz,226.98,16,212.96334,Julia,CA,N2Plain,1.0
events-pp-2TeV.hepmc3.gz,226.98,16,214.32042,Julia,CA,N2Plain,1.0
events-pp-5TeV-10GeV.hepmc3.gz,284.15,16,349.13208,Julia,CA,N2Plain,1.0
events-pp-8TeV-20GeV.hepmc3.gz,354.18,16,538.7658299999999,Julia,CA,N2Plain,1.0
events-pp-13TeV-20GeV.hepmc3.gz,431.18,16,764.45625,Julia,CA,N2Plain,1.0
events-pp-20TeV-20GeV.hepmc3.gz,524.59,16,1100.16,Julia,CA,N2Plain,1.0
events-pp-20TeV-50GeV.hepmc3.gz,553.64,16,1276.845,Julia,CA,N2Plain,1.0
events-pp-30TeV-50GeV.hepmc3.gz,632.29,16,1623.565,Julia,CA,N2Plain,1.0
events-ee-Z.hepmc3.gz,43.05,16,14.18,FastJet,AntiKt,N2Plain,3.0
events-ee-H.hepmc3.gz,64.97,16,24.5,FastJet,AntiKt,N2Plain,3.0
events-pp-0.5TeV-5GeV.hepmc3.gz,112.62,16,53.24,FastJet,AntiKt,N2Plain,3.0
events-pp-1TeV-5GeV.hepmc3.gz,160.36,16,93.17,FastJet,AntiKt,N2Plain,3.0
events-pp-2TeV-5Gev.hepmc3.gz,188.21,16,127.93,FastJet,AntiKt,N2Plain,3.0
events-pp-1TeV.hepmc3.gz,226.98,16,167.12,FastJet,AntiKt,N2Plain,3.0
events-pp-2TeV.hepmc3.gz,226.98,16,167.08,FastJet,AntiKt,N2Plain,3.0
events-pp-5TeV-10GeV.hepmc3.gz,284.15,16,253.48,FastJet,AntiKt,N2Plain,3.0
events-pp-8TeV-20GeV.hepmc3.gz,354.18,16,381.89,FastJet,AntiKt,N2Plain,3.0
events-pp-13TeV-20GeV.hepmc3.gz,431.18,16,537.22,FastJet,AntiKt,N2Plain,3.0
events-pp-20TeV-20GeV.hepmc3.gz,524.59,16,766.43,FastJet,AntiKt,N2Plain,3.0
events-pp-20TeV-50GeV.hepmc3.gz,553.64,16,865.17,FastJet,AntiKt,N2Plain,3.0
events-pp-30TeV-50GeV.hepmc3.gz,632.29,16,1087.75,FastJet,AntiKt,N2Plain,3.0
events-ee-Z.hepmc3.gz,43.05,16,14.15,FastJet,Kt,N2Plain,2.0
events-ee-H.hepmc3.gz,64.97,16,24.99,FastJet,Kt,N2Plain,2.0
events-pp-0.5TeV-5GeV.hepmc3.gz,112.62,16,56.25,FastJet,Kt,N2Plain,2.0
events-pp-1TeV-5GeV.hepmc3.gz,160.36,16,99.74,FastJet,Kt,N2Plain,2.0
events-pp-2TeV-5Gev.hepmc3.gz,188.21,16,137.86,FastJet,Kt,N2Plain,2.0
events-pp-1TeV.hepmc3.gz,226.98,16,181.99,FastJet,Kt,N2Plain,2.0
events-pp-2TeV.hepmc3.gz,226.98,16,182.04,FastJet,Kt,N2Plain,2.0
events-pp-5TeV-10GeV.hepmc3.gz,284.15,16,278.5,FastJet,Kt,N2Plain,2.0
events-pp-8TeV-20GeV.hepmc3.gz,354.18,16,421.06,FastJet,Kt,N2Plain,2.0
events-pp-13TeV-20GeV.hepmc3.gz,431.18,16,593.78,FastJet,Kt,N2Plain,2.0
events-pp-20TeV-20GeV.hepmc3.gz,524.59,16,848.04,FastJet,Kt,N2Plain,2.0
events-pp-20TeV-50GeV.hepmc3.gz,553.64,16,959.5,FastJet,Kt,N2Plain,2.0
events-pp-30TeV-50GeV.hepmc3.gz,632.29,16,1209.89,FastJet,Kt,N2Plain,2.0
events-ee-Z.hepmc3.gz,43.05,16,11.818330000000001,Julia,CA,N2Plain,3.0
events-ee-H.hepmc3.gz,64.97,16,22.3875,Julia,CA,N2Plain,3.0
events-pp-0.5TeV-5GeV.hepmc3.gz,112.62,16,56.870830000000005,Julia,CA,N2Plain,3.0
events-pp-1TeV-5GeV.hepmc3.gz,160.36,16,108.58291000000001,Julia,CA,N2Plain,3.0
events-pp-2TeV-5Gev.hepmc3.gz,188.21,16,158.1525,Julia,CA,N2Plain,3.0
events-pp-1TeV.hepmc3.gz,226.98,16,213.385,Julia,CA,N2Plain,3.0
events-pp-2TeV.hepmc3.gz,226.98,16,212.72332999999998,Julia,CA,N2Plain,3.0
events-pp-5TeV-10GeV.hepmc3.gz,284.15,16,339.29125,Julia,CA,N2Plain,3.0
events-pp-8TeV-20GeV.hepmc3.gz,354.18,16,528.1275,Julia,CA,N2Plain,3.0
events-pp-13TeV-20GeV.hepmc3.gz,431.18,16,761.56875,Julia,CA,N2Plain,3.0
events-pp-20TeV-20GeV.hepmc3.gz,524.59,16,1091.87292,Julia,CA,N2Plain,3.0
events-pp-20TeV-50GeV.hepmc3.gz,553.64,16,1262.04,Julia,CA,N2Plain,3.0
events-pp-30TeV-50GeV.hepmc3.gz,632.29,16,1608.78125,Julia,CA,N2Plain,3.0
events-ee-Z.hepmc3.gz,43.05,16,8.60083,Julia,CA,N2Plain,0.2
events-ee-H.hepmc3.gz,64.97,16,18.36083,Julia,CA,N2Plain,0.2
events-pp-0.5TeV-5GeV.hepmc3.gz,112.62,16,28.46583,Julia,CA,N2Plain,0.2
events-pp-1TeV-5GeV.hepmc3.gz,160.36,16,58.049580000000006,Julia,CA,N2Plain,0.2
events-pp-2TeV-5Gev.hepmc3.gz,188.21,16,88.63875,Julia,CA,N2Plain,0.2
events-pp-1TeV.hepmc3.gz,226.98,16,132.63625,Julia,CA,N2Plain,0.2
events-pp-2TeV.hepmc3.gz,226.98,16,133.17042,Julia,CA,N2Plain,0.2
events-pp-5TeV-10GeV.hepmc3.gz,284.15,16,209.90875,Julia,CA,N2Plain,0.2
events-pp-8TeV-20GeV.hepmc3.gz,354.18,16,357.59292,Julia,CA,N2Plain,0.2
events-pp-13TeV-20GeV.hepmc3.gz,431.18,16,530.35833,Julia,CA,N2Plain,0.2
events-pp-20TeV-20GeV.hepmc3.gz,524.59,16,797.39708,Julia,CA,N2Plain,0.2
events-pp-20TeV-50GeV.hepmc3.gz,553.64,16,964.33375,Julia,CA,N2Plain,0.2
events-pp-30TeV-50GeV.hepmc3.gz,632.29,16,1227.0495799999999,Julia,CA,N2Plain,0.2
events-ee-Z.hepmc3.gz,43.05,16,11.86459,Julia,Kt,N2Plain,1.5
events-ee-H.hepmc3.gz,64.97,16,21.60791,Julia,Kt,N2Plain,1.5
events-pp-0.5TeV-5GeV.hepmc3.gz,112.62,16,56.52667,Julia,Kt,N2Plain,1.5
events-pp-1TeV-5GeV.hepmc3.gz,160.36,16,109.02167,Julia,Kt,N2Plain,1.5
events-pp-2TeV-5Gev.hepmc3.gz,188.21,16,158.05,Julia,Kt,N2Plain,1.5
events-pp-1TeV.hepmc3.gz,226.98,16,211.42084,Julia,Kt,N2Plain,1.5
events-pp-2TeV.hepmc3.gz,226.98,16,211.585,Julia,Kt,N2Plain,1.5
events-pp-5TeV-10GeV.hepmc3.gz,284.15,16,337.30042000000003,Julia,Kt,N2Plain,1.5
events-pp-8TeV-20GeV.hepmc3.gz,354.18,16,523.72875,Julia,Kt,N2Plain,1.5
events-pp-13TeV-20GeV.hepmc3.gz,431.18,16,755.53084,Julia,Kt,N2Plain,1.5
events-pp-20TeV-20GeV.hepmc3.gz,524.59,16,1099.62875,Julia,Kt,N2Plain,1.5
events-pp-20TeV-50GeV.hepmc3.gz,553.64,16,1251.11917,Julia,Kt,N2Plain,1.5
events-pp-30TeV-50GeV.hepmc3.gz,632.29,16,1586.825,Julia,Kt,N2Plain,1.5
events-ee-Z.hepmc3.gz,43.05,16,16.17,FastJet,Kt,N2Tiled,0.2
events-ee-H.hepmc3.gz,64.97,16,25.94,FastJet,Kt,N2Tiled,0.2
events-pp-0.5TeV-5GeV.hepmc3.gz,112.62,16,37.66,FastJet,Kt,N2Tiled,0.2
events-pp-1TeV-5GeV.hepmc3.gz,160.36,16,55.14,FastJet,Kt,N2Tiled,0.2
events-pp-2TeV-5Gev.hepmc3.gz,188.21,16,69.37,FastJet,Kt,N2Tiled,0.2
events-pp-1TeV.hepmc3.gz,226.98,16,87.9,FastJet,Kt,N2Tiled,0.2
events-pp-2TeV.hepmc3.gz,226.98,16,87.96,FastJet,Kt,N2Tiled,0.2
events-pp-5TeV-10GeV.hepmc3.gz,284.15,16,118.41,FastJet,Kt,N2Tiled,0.2
events-pp-8TeV-20GeV.hepmc3.gz,354.18,16,167.89,FastJet,Kt,N2Tiled,0.2
events-pp-13TeV-20GeV.hepmc3.gz,431.18,16,222.99,FastJet,Kt,N2Tiled,0.2
events-pp-20TeV-20GeV.hepmc3.gz,524.59,16,301.83,FastJet,Kt,N2Tiled,0.2
events-pp-20TeV-50GeV.hepmc3.gz,553.64,16,343.81,FastJet,Kt,N2Tiled,0.2
events-pp-30TeV-50GeV.hepmc3.gz,632.29,16,419.43,FastJet,Kt,N2Tiled,0.2
events-ee-Z.hepmc3.gz,43.05,16,22.52833,Julia,AntiKt,N2Tiled,2.0
events-ee-H.hepmc3.gz,64.97,16,37.68459,Julia,AntiKt,N2Tiled,2.0
events-pp-0.5TeV-5GeV.hepmc3.gz,112.62,16,69.92375,Julia,AntiKt,N2Tiled,2.0
events-pp-1TeV-5GeV.hepmc3.gz,160.36,16,107.28834,Julia,AntiKt,N2Tiled,2.0
events-pp-2TeV-5Gev.hepmc3.gz,188.21,16,134.66875,Julia,AntiKt,N2Tiled,2.0
events-pp-1TeV.hepmc3.gz,226.98,16,173.23792,Julia,AntiKt,N2Tiled,2.0
events-pp-2TeV.hepmc3.gz,226.98,16,173.22542,Julia,AntiKt,N2Tiled,2.0
events-pp-5TeV-10GeV.hepmc3.gz,284.15,16,228.62333999999998,Julia,AntiKt,N2Tiled,2.0
events-pp-8TeV-20GeV.hepmc3.gz,354.18,16,316.63,Julia,AntiKt,N2Tiled,2.0
events-pp-13TeV-20GeV.hepmc3.gz,431.18,16,414.20875,Julia,AntiKt,N2Tiled,2.0
events-pp-20TeV-20GeV.hepmc3.gz,524.59,16,542.60792,Julia,AntiKt,N2Tiled,2.0
events-pp-20TeV-50GeV.hepmc3.gz,553.64,16,620.59583,Julia,AntiKt,N2Tiled,2.0
events-pp-30TeV-50GeV.hepmc3.gz,632.29,16,731.30917,Julia,AntiKt,N2Tiled,2.0
events-ee-Z.hepmc3.gz,43.05,16,11.50209,Julia,Kt,N2Plain,2.0
events-ee-H.hepmc3.gz,64.97,16,21.539589999999997,Julia,Kt,N2Plain,2.0
events-pp-0.5TeV-5GeV.hepmc3.gz,112.62,16,55.91416,Julia,Kt,N2Plain,2.0
events-pp-1TeV-5GeV.hepmc3.gz,160.36,16,108.10042,Julia,Kt,N2Plain,2.0
events-pp-2TeV-5Gev.hepmc3.gz,188.21,16,155.4125,Julia,Kt,N2Plain,2.0
events-pp-1TeV.hepmc3.gz,226.98,16,208.50333999999998,Julia,Kt,N2Plain,2.0
events-pp-2TeV.hepmc3.gz,226.98,16,209.25,Julia,Kt,N2Plain,2.0
events-pp-5TeV-10GeV.hepmc3.gz,284.15,16,332.285,Julia,Kt,N2Plain,2.0
events-pp-8TeV-20GeV.hepmc3.gz,354.18,16,518.96834,Julia,Kt,N2Plain,2.0
events-pp-13TeV-20GeV.hepmc3.gz,431.18,16,754.46667,Julia,Kt,N2Plain,2.0
events-pp-20TeV-20GeV.hepmc3.gz,524.59,16,1098.19584,Julia,Kt,N2Plain,2.0
events-pp-20TeV-50GeV.hepmc3.gz,553.64,16,1248.14042,Julia,Kt,N2Plain,2.0
events-pp-30TeV-50GeV.hepmc3.gz,632.29,16,1586.92917,Julia,Kt,N2Plain,2.0
events-ee-Z.hepmc3.gz,43.05,16,12.7725,Julia,Kt,N2Tiled,0.2
events-ee-H.hepmc3.gz,64.97,16,22.62333,Julia,Kt,N2Tiled,0.2
events-pp-0.5TeV-5GeV.hepmc3.gz,112.62,16,20.225,Julia,Kt,N2Tiled,0.2
events-pp-1TeV-5GeV.hepmc3.gz,160.36,16,29.577090000000002,Julia,Kt,N2Tiled,0.2
events-pp-2TeV-5Gev.hepmc3.gz,188.21,16,36.0675,Julia,Kt,N2Tiled,0.2
events-pp-1TeV.hepmc3.gz,226.98,16,51.42125,Julia,Kt,N2Tiled,0.2
events-pp-2TeV.hepmc3.gz,226.98,16,50.44666,Julia,Kt,N2Tiled,0.2
events-pp-5TeV-10GeV.hepmc3.gz,284.15,16,61.64125,Julia,Kt,N2Tiled,0.2
events-pp-8TeV-20GeV.hepmc3.gz,354.18,16,89.68041000000001,Julia,Kt,N2Tiled,0.2
events-pp-13TeV-20GeV.hepmc3.gz,431.18,16,118.31334000000001,Julia,Kt,N2Tiled,0.2
events-pp-20TeV-20GeV.hepmc3.gz,524.59,16,153.65792,Julia,Kt,N2Tiled,0.2
events-pp-20TeV-50GeV.hepmc3.gz,553.64,16,179.86833,Julia,Kt,N2Tiled,0.2
events-pp-30TeV-50GeV.hepmc3.gz,632.29,16,210.96666000000002,Julia,Kt,N2Tiled,0.2
events-ee-Z.hepmc3.gz,43.05,16,13.43,FastJet,CA,N2Plain,0.4
events-ee-H.hepmc3.gz,64.97,16,24.52,FastJet,CA,N2Plain,0.4
events-pp-0.5TeV-5GeV.hepmc3.gz,112.62,16,143.21,FastJet,CA,N2Plain,0.4
events-pp-1TeV-5GeV.hepmc3.gz,160.36,16,301.7,FastJet,CA,N2Plain,0.4
events-pp-2TeV-5Gev.hepmc3.gz,188.21,16,452.31,FastJet,CA,N2Plain,0.4
events-pp-1TeV.hepmc3.gz,226.98,16,534.06,FastJet,CA,N2Plain,0.4
events-pp-2TeV.hepmc3.gz,226.98,16,533.52,FastJet,CA,N2Plain,0.4
events-pp-5TeV-10GeV.hepmc3.gz,284.15,16,985.5,FastJet,CA,N2Plain,0.4
events-pp-8TeV-20GeV.hepmc3.gz,354.18,16,1420.56,FastJet,CA,N2Plain,0.4
events-pp-13TeV-20GeV.hepmc3.gz,431.18,16,2103.82,FastJet,CA,N2Plain,0.4
events-pp-20TeV-20GeV.hepmc3.gz,524.59,16,3034.42,FastJet,CA,N2Plain,0.4
events-pp-20TeV-50GeV.hepmc3.gz,553.64,16,2929.56,FastJet,CA,N2Plain,0.4
events-pp-30TeV-50GeV.hepmc3.gz,632.29,16,3875.28,FastJet,CA,N2Plain,0.4
events-ee-Z.hepmc3.gz,43.05,16,19.45,FastJet,CA,N2Tiled,1.0
events-ee-H.hepmc3.gz,64.97,16,31.96,FastJet,CA,N2Tiled,1.0
events-pp-0.5TeV-5GeV.hepmc3.gz,112.62,16,53.37,FastJet,CA,N2Tiled,1.0
events-pp-1TeV-5GeV.hepmc3.gz,160.36,16,84.25,FastJet,CA,N2Tiled,1.0
events-pp-2TeV-5Gev.hepmc3.gz,188.21,16,106.13,FastJet,CA,N2Tiled,1.0
events-pp-1TeV.hepmc3.gz,226.98,16,138.42,FastJet,CA,N2Tiled,1.0
events-pp-2TeV.hepmc3.gz,226.98,16,138.31,FastJet,CA,N2Tiled,1.0
events-pp-5TeV-10GeV.hepmc3.gz,284.15,16,187.48,FastJet,CA,N2Tiled,1.0
events-pp-8TeV-20GeV.hepmc3.gz,354.18,16,267.27,FastJet,CA,N2Tiled,1.0
events-pp-13TeV-20GeV.hepmc3.gz,431.18,16,346.08,FastJet,CA,N2Tiled,1.0
events-pp-20TeV-20GeV.hepmc3.gz,524.59,16,460.99,FastJet,CA,N2Tiled,1.0
events-pp-20TeV-50GeV.hepmc3.gz,553.64,16,515.95,FastJet,CA,N2Tiled,1.0
events-pp-30TeV-50GeV.hepmc3.gz,632.29,16,622.54,FastJet,CA,N2Tiled,1.0
events-ee-Z.hepmc3.gz,43.05,16,21.48,FastJet,Kt,N2Tiled,2.0
events-ee-H.hepmc3.gz,64.97,16,35.81,FastJet,Kt,N2Tiled,2.0
events-pp-0.5TeV-5GeV.hepmc3.gz,112.62,16,71.65,FastJet,Kt,N2Tiled,2.0
events-pp-1TeV-5GeV.hepmc3.gz,160.36,16,116.78,FastJet,Kt,N2Tiled,2.0
events-pp-2TeV-5Gev.hepmc3.gz,188.21,16,148.31,FastJet,Kt,N2Tiled,2.0
events-pp-1TeV.hepmc3.gz,226.98,16,187.63,FastJet,Kt,N2Tiled,2.0
events-pp-2TeV.hepmc3.gz,226.98,16,187.41,FastJet,Kt,N2Tiled,2.0
events-pp-5TeV-10GeV.hepmc3.gz,284.15,16,256.19,FastJet,Kt,N2Tiled,2.0
events-pp-8TeV-20GeV.hepmc3.gz,354.18,16,363.61,FastJet,Kt,N2Tiled,2.0
events-pp-13TeV-20GeV.hepmc3.gz,431.18,16,482.5,FastJet,Kt,N2Tiled,2.0
events-pp-20TeV-20GeV.hepmc3.gz,524.59,16,654.06,FastJet,Kt,N2Tiled,2.0
events-pp-20TeV-50GeV.hepmc3.gz,553.64,16,738.31,FastJet,Kt,N2Tiled,2.0
events-pp-30TeV-50GeV.hepmc3.gz,632.29,16,890.58,FastJet,Kt,N2Tiled,2.0
events-ee-Z.hepmc3.gz,43.05,16,13.78,FastJet,AntiKt,N2Plain,1.5
events-ee-H.hepmc3.gz,64.97,16,24.21,FastJet,AntiKt,N2Plain,1.5
events-pp-0.5TeV-5GeV.hepmc3.gz,112.62,16,52.26,FastJet,AntiKt,N2Plain,1.5
events-pp-1TeV-5GeV.hepmc3.gz,160.36,16,92.57,FastJet,AntiKt,N2Plain,1.5
events-pp-2TeV-5Gev.hepmc3.gz,188.21,16,127.52,FastJet,AntiKt,N2Plain,1.5
events-pp-1TeV.hepmc3.gz,226.98,16,167.44,FastJet,AntiKt,N2Plain,1.5
events-pp-2TeV.hepmc3.gz,226.98,16,167.8,FastJet,AntiKt,N2Plain,1.5
events-pp-5TeV-10GeV.hepmc3.gz,284.15,16,254.98,FastJet,AntiKt,N2Plain,1.5
events-pp-8TeV-20GeV.hepmc3.gz,354.18,16,383.39,FastJet,AntiKt,N2Plain,1.5
events-pp-13TeV-20GeV.hepmc3.gz,431.18,16,540.59,FastJet,AntiKt,N2Plain,1.5
events-pp-20TeV-20GeV.hepmc3.gz,524.59,16,771.96,FastJet,AntiKt,N2Plain,1.5
events-pp-20TeV-50GeV.hepmc3.gz,553.64,16,873.51,FastJet,AntiKt,N2Plain,1.5
events-pp-30TeV-50GeV.hepmc3.gz,632.29,16,1098.43,FastJet,AntiKt,N2Plain,1.5
events-ee-Z.hepmc3.gz,43.05,16,15.93,FastJet,CA,N2Tiled,0.4
events-ee-H.hepmc3.gz,64.97,16,27.98,FastJet,CA,N2Tiled,0.4
events-pp-0.5TeV-5GeV.hepmc3.gz,112.62,16,35.43,FastJet,CA,N2Tiled,0.4
events-pp-1TeV-5GeV.hepmc3.gz,160.36,16,56.63,FastJet,CA,N2Tiled,0.4
events-pp-2TeV-5Gev.hepmc3.gz,188.21,16,73.03,FastJet,CA,N2Tiled,0.4
events-pp-1TeV.hepmc3.gz,226.98,16,98.71,FastJet,CA,N2Tiled,0.4
events-pp-2TeV.hepmc3.gz,226.98,16,98.66,FastJet,CA,N2Tiled,0.4
events-pp-5TeV-10GeV.hepmc3.gz,284.15,16,133.82,FastJet,CA,N2Tiled,0.4
events-pp-8TeV-20GeV.hepmc3.gz,354.18,16,193.1,FastJet,CA,N2Tiled,0.4
events-pp-13TeV-20GeV.hepmc3.gz,431.18,16,258.2,FastJet,CA,N2Tiled,0.4
events-pp-20TeV-20GeV.hepmc3.gz,524.59,16,350.18,FastJet,CA,N2Tiled,0.4
events-pp-20TeV-50GeV.hepmc3.gz,553.64,16,396.61,FastJet,CA,N2Tiled,0.4
events-pp-30TeV-50GeV.hepmc3.gz,632.29,16,482.5,FastJet,CA,N2Tiled,0.4
events-ee-Z.hepmc3.gz,43.05,16,13.41,FastJet,CA,N2Plain,1.0
events-ee-H.hepmc3.gz,64.97,16,24.18,FastJet,CA,N2Plain,1.0
events-pp-0.5TeV-5GeV.hepmc3.gz,112.62,16,54.8,FastJet,CA,N2Plain,1.0
events-pp-1TeV-5GeV.hepmc3.gz,160.36,16,100.24,FastJet,CA,N2Plain,1.0
events-pp-2TeV-5Gev.hepmc3.gz,188.21,16,139.98,FastJet,CA,N2Plain,1.0
events-pp-1TeV.hepmc3.gz,226.98,16,184.36,FastJet,CA,N2Plain,1.0
events-pp-2TeV.hepmc3.gz,226.98,16,184.48,FastJet,CA,N2Plain,1.0
events-pp-5TeV-10GeV.hepmc3.gz,284.15,16,285.42,FastJet,CA,N2Plain,1.0
events-pp-8TeV-20GeV.hepmc3.gz,354.18,16,433.72,FastJet,CA,N2Plain,1.0
events-pp-13TeV-20GeV.hepmc3.gz,431.18,16,614.58,FastJet,CA,N2Plain,1.0
events-pp-20TeV-20GeV.hepmc3.gz,524.59,16,881.44,FastJet,CA,N2Plain,1.0
events-pp-20TeV-50GeV.hepmc3.gz,553.64,16,994.23,FastJet,CA,N2Plain,1.0
events-pp-30TeV-50GeV.hepmc3.gz,632.29,16,1255.56,FastJet,CA,N2Plain,1.0
events-ee-Z.hepmc3.gz,43.05,16,21.16,FastJet,AntiKt,N2Tiled,3.0
events-ee-H.hepmc3.gz,64.97,16,34.97,FastJet,AntiKt,N2Tiled,3.0
events-pp-0.5TeV-5GeV.hepmc3.gz,112.62,16,70.93,FastJet,AntiKt,N2Tiled,3.0
events-pp-1TeV-5GeV.hepmc3.gz,160.36,16,114.33,FastJet,AntiKt,N2Tiled,3.0
events-pp-2TeV-5Gev.hepmc3.gz,188.21,16,147.46,FastJet,AntiKt,N2Tiled,3.0
events-pp-1TeV.hepmc3.gz,226.98,16,190.94,FastJet,AntiKt,N2Tiled,3.0
events-pp-2TeV.hepmc3.gz,226.98,16,190.57,FastJet,AntiKt,N2Tiled,3.0
events-pp-5TeV-10GeV.hepmc3.gz,284.15,16,267.51,FastJet,AntiKt,N2Tiled,3.0
events-pp-8TeV-20GeV.hepmc3.gz,354.18,16,383.87,FastJet,AntiKt,N2Tiled,3.0
events-pp-13TeV-20GeV.hepmc3.gz,431.18,16,513.65,FastJet,AntiKt,N2Tiled,3.0
events-pp-20TeV-20GeV.hepmc3.gz,524.59,16,695.57,FastJet,AntiKt,N2Tiled,3.0
events-pp-20TeV-50GeV.hepmc3.gz,553.64,16,792.95,FastJet,AntiKt,N2Tiled,3.0
events-pp-30TeV-50GeV.hepmc3.gz,632.29,16,957.56,FastJet,AntiKt,N2Tiled,3.0
events-ee-Z.hepmc3.gz,43.05,16,10.316659999999999,Julia,CA,N2Plain,0.4
events-ee-H.hepmc3.gz,64.97,16,20.38458,Julia,CA,N2Plain,0.4
events-pp-0.5TeV-5GeV.hepmc3.gz,112.62,16,42.94584,Julia,CA,N2Plain,0.4
events-pp-1TeV-5GeV.hepmc3.gz,160.36,16,88.94875,Julia,CA,N2Plain,0.4
events-pp-2TeV-5Gev.hepmc3.gz,188.21,16,133.14875,Julia,CA,N2Plain,0.4
events-pp-1TeV.hepmc3.gz,226.98,16,185.38958,Julia,CA,N2Plain,0.4
events-pp-2TeV.hepmc3.gz,226.98,16,186.165,Julia,CA,N2Plain,0.4
events-pp-5TeV-10GeV.hepmc3.gz,284.15,16,303.3425,Julia,CA,N2Plain,0.4
events-pp-8TeV-20GeV.hepmc3.gz,354.18,16,492.10083,Julia,CA,N2Plain,0.4
events-pp-13TeV-20GeV.hepmc3.gz,431.18,16,719.39791,Julia,CA,N2Plain,0.4
events-pp-20TeV-20GeV.hepmc3.gz,524.59,16,1066.15125,Julia,CA,N2Plain,0.4
events-pp-20TeV-50GeV.hepmc3.gz,553.64,16,1237.03916,Julia,CA,N2Plain,0.4
events-pp-30TeV-50GeV.hepmc3.gz,632.29,16,1575.5266700000002,Julia,CA,N2Plain,0.4
events-ee-Z.hepmc3.gz,43.05,16,20.51,FastJet,Kt,N2Tiled,1.5
events-ee-H.hepmc3.gz,64.97,16,33.75,FastJet,Kt,N2Tiled,1.5
events-pp-0.5TeV-5GeV.hepmc3.gz,112.62,16,65.19,FastJet,Kt,N2Tiled,1.5
events-pp-1TeV-5GeV.hepmc3.gz,160.36,16,101.63,FastJet,Kt,N2Tiled,1.5
events-pp-2TeV-5Gev.hepmc3.gz,188.21,16,129.36,FastJet,Kt,N2Tiled,1.5
events-pp-1TeV.hepmc3.gz,226.98,16,169.22,FastJet,Kt,N2Tiled,1.5
events-pp-2TeV.hepmc3.gz,226.98,16,163.67,FastJet,Kt,N2Tiled,1.5
events-pp-5TeV-10GeV.hepmc3.gz,284.15,16,221.08,FastJet,Kt,N2Tiled,1.5
events-pp-8TeV-20GeV.hepmc3.gz,354.18,16,316.12,FastJet,Kt,N2Tiled,1.5
events-pp-13TeV-20GeV.hepmc3.gz,431.18,16,422.75,FastJet,Kt,N2Tiled,1.5
events-pp-20TeV-20GeV.hepmc3.gz,524.59,16,547.62,FastJet,Kt,N2Tiled,1.5
events-pp-20TeV-50GeV.hepmc3.gz,553.64,16,634.84,FastJet,Kt,N2Tiled,1.5
events-pp-30TeV-50GeV.hepmc3.gz,632.29,16,763.29,FastJet,Kt,N2Tiled,1.5
events-ee-Z.hepmc3.gz,43.05,16,20.4775,Julia,CA,N2Tiled,1.0
events-ee-H.hepmc3.gz,64.97,16,32.83583,Julia,CA,N2Tiled,1.0
events-pp-0.5TeV-5GeV.hepmc3.gz,112.62,16,53.20541,Julia,CA,N2Tiled,1.0
events-pp-1TeV-5GeV.hepmc3.gz,160.36,16,81.43916,Julia,CA,N2Tiled,1.0
events-pp-2TeV-5Gev.hepmc3.gz,188.21,16,99.84625,Julia,CA,N2Tiled,1.0
events-pp-1TeV.hepmc3.gz,226.98,16,129.84792,Julia,CA,N2Tiled,1.0
events-pp-2TeV.hepmc3.gz,226.98,16,129.79667,Julia,CA,N2Tiled,1.0
events-pp-5TeV-10GeV.hepmc3.gz,284.15,16,163.66791999999998,Julia,CA,N2Tiled,1.0
events-pp-8TeV-20GeV.hepmc3.gz,354.18,16,224.27416000000002,Julia,CA,N2Tiled,1.0
events-pp-13TeV-20GeV.hepmc3.gz,431.18,16,287.59167,Julia,CA,N2Tiled,1.0
events-pp-20TeV-20GeV.hepmc3.gz,524.59,16,370.72167,Julia,CA,N2Tiled,1.0
events-pp-20TeV-50GeV.hepmc3.gz,553.64,16,409.67834000000005,Julia,CA,N2Tiled,1.0
events-pp-30TeV-50GeV.hepmc3.gz,632.29,16,483.4625,Julia,CA,N2Tiled,1.0
events-ee-Z.hepmc3.gz,43.05,16,16.03,FastJet,Kt,N2Tiled,0.4
events-ee-H.hepmc3.gz,64.97,16,27.88,FastJet,Kt,N2Tiled,0.4
events-pp-0.5TeV-5GeV.hepmc3.gz,112.62,16,36.06,FastJet,Kt,N2Tiled,0.4
events-pp-1TeV-5GeV.hepmc3.gz,160.36,16,57.5,FastJet,Kt,N2Tiled,0.4
events-pp-2TeV-5Gev.hepmc3.gz,188.21,16,74.31,FastJet,Kt,N2Tiled,0.4
events-pp-1TeV.hepmc3.gz,226.98,16,100.77,FastJet,Kt,N2Tiled,0.4
events-pp-2TeV.hepmc3.gz,226.98,16,100.79,FastJet,Kt,N2Tiled,0.4
events-pp-5TeV-10GeV.hepmc3.gz,284.15,16,136.61,FastJet,Kt,N2Tiled,0.4
events-pp-8TeV-20GeV.hepmc3.gz,354.18,16,196.76,FastJet,Kt,N2Tiled,0.4
events-pp-13TeV-20GeV.hepmc3.gz,431.18,16,263.21,FastJet,Kt,N2Tiled,0.4
events-pp-20TeV-20GeV.hepmc3.gz,524.59,16,356.77,FastJet,Kt,N2Tiled,0.4
events-pp-20TeV-50GeV.hepmc3.gz,553.64,16,404.41,FastJet,Kt,N2Tiled,0.4
events-pp-30TeV-50GeV.hepmc3.gz,632.29,16,492.01,FastJet,Kt,N2Tiled,0.4
events-ee-Z.hepmc3.gz,43.05,16,22.811660000000003,Julia,CA,N2Tiled,3.0
events-ee-H.hepmc3.gz,64.97,16,37.70667,Julia,CA,N2Tiled,3.0
events-pp-0.5TeV-5GeV.hepmc3.gz,112.62,16,78.25375,Julia,CA,N2Tiled,3.0
events-pp-1TeV-5GeV.hepmc3.gz,160.36,16,124.21292,Julia,CA,N2Tiled,3.0
events-pp-2TeV-5Gev.hepmc3.gz,188.21,16,158.52292,Julia,CA,N2Tiled,3.0
events-pp-1TeV.hepmc3.gz,226.98,16,205.06,Julia,CA,N2Tiled,3.0
events-pp-2TeV.hepmc3.gz,226.98,16,205.89292,Julia,CA,N2Tiled,3.0
events-pp-5TeV-10GeV.hepmc3.gz,284.15,16,277.71667,Julia,CA,N2Tiled,3.0
events-pp-8TeV-20GeV.hepmc3.gz,354.18,16,393.80833,Julia,CA,N2Tiled,3.0
events-pp-13TeV-20GeV.hepmc3.gz,431.18,16,519.89208,Julia,CA,N2Tiled,3.0
events-pp-20TeV-20GeV.hepmc3.gz,524.59,16,696.9354099999999,Julia,CA,N2Tiled,3.0
events-pp-20TeV-50GeV.hepmc3.gz,553.64,16,788.76417,Julia,CA,N2Tiled,3.0
events-pp-30TeV-50GeV.hepmc3.gz,632.29,16,938.12125,Julia,CA,N2Tiled,3.0
events-ee-Z.hepmc3.gz,43.05,16,13.98,FastJet,Kt,N2Plain,1.5
events-ee-H.hepmc3.gz,64.97,16,24.75,FastJet,Kt,N2Plain,1.5
events-pp-0.5TeV-5GeV.hepmc3.gz,112.62,16,55.19,FastJet,Kt,N2Plain,1.5
events-pp-1TeV-5GeV.hepmc3.gz,160.36,16,98.22,FastJet,Kt,N2Plain,1.5
events-pp-2TeV-5Gev.hepmc3.gz,188.21,16,136.34,FastJet,Kt,N2Plain,1.5
events-pp-1TeV.hepmc3.gz,226.98,16,180.09,FastJet,Kt,N2Plain,1.5
events-pp-2TeV.hepmc3.gz,226.98,16,180.23,FastJet,Kt,N2Plain,1.5
events-pp-5TeV-10GeV.hepmc3.gz,284.15,16,276.19,FastJet,Kt,N2Plain,1.5
events-pp-8TeV-20GeV.hepmc3.gz,354.18,16,418.87,FastJet,Kt,N2Plain,1.5
events-pp-13TeV-20GeV.hepmc3.gz,431.18,16,590.68,FastJet,Kt,N2Plain,1.5
events-pp-20TeV-20GeV.hepmc3.gz,524.59,16,844.7,FastJet,Kt,N2Plain,1.5
events-pp-20TeV-50GeV.hepmc3.gz,553.64,16,955.57,FastJet,Kt,N2Plain,1.5
events-pp-30TeV-50GeV.hepmc3.gz,632.29,16,1205.49,FastJet,Kt,N2Plain,1.5
events-ee-Z.hepmc3.gz,43.05,16,23.32625,Julia,CA,N2Tiled,2.0
events-ee-H.hepmc3.gz,64.97,16,39.28458,Julia,CA,N2Tiled,2.0
events-pp-0.5TeV-5GeV.hepmc3.gz,112.62,16,73.875,Julia,CA,N2Tiled,2.0
events-pp-1TeV-5GeV.hepmc3.gz,160.36,16,116.13709,Julia,CA,N2Tiled,2.0
events-pp-2TeV-5Gev.hepmc3.gz,188.21,16,144.0175,Julia,CA,N2Tiled,2.0
events-pp-1TeV.hepmc3.gz,226.98,16,187.19708,Julia,CA,N2Tiled,2.0
events-pp-2TeV.hepmc3.gz,226.98,16,186.85167,Julia,CA,N2Tiled,2.0
events-pp-5TeV-10GeV.hepmc3.gz,284.15,16,247.70875,Julia,CA,N2Tiled,2.0
events-pp-8TeV-20GeV.hepmc3.gz,354.18,16,345.18625,Julia,CA,N2Tiled,2.0
events-pp-13TeV-20GeV.hepmc3.gz,431.18,16,455.72790999999995,Julia,CA,N2Tiled,2.0
events-pp-20TeV-20GeV.hepmc3.gz,524.59,16,594.1766600000001,Julia,CA,N2Tiled,2.0
events-pp-20TeV-50GeV.hepmc3.gz,553.64,16,675.2025,Julia,CA,N2Tiled,2.0
events-pp-30TeV-50GeV.hepmc3.gz,632.29,16,794.1925,Julia,CA,N2Tiled,2.0
events-ee-Z.hepmc3.gz,43.05,16,15.94,FastJet,AntiKt,N2Tiled,0.2
events-ee-H.hepmc3.gz,64.97,16,26.06,FastJet,AntiKt,N2Tiled,0.2
events-pp-0.5TeV-5GeV.hepmc3.gz,112.62,16,37.81,FastJet,AntiKt,N2Tiled,0.2
events-pp-1TeV-5GeV.hepmc3.gz,160.36,16,55.19,FastJet,AntiKt,N2Tiled,0.2
events-pp-2TeV-5Gev.hepmc3.gz,188.21,16,69.48,FastJet,AntiKt,N2Tiled,0.2
events-pp-1TeV.hepmc3.gz,226.98,16,88.06,FastJet,AntiKt,N2Tiled,0.2
events-pp-2TeV.hepmc3.gz,226.98,16,88.29,FastJet,AntiKt,N2Tiled,0.2
events-pp-5TeV-10GeV.hepmc3.gz,284.15,16,118.27,FastJet,AntiKt,N2Tiled,0.2
events-pp-8TeV-20GeV.hepmc3.gz,354.18,16,167.27,FastJet,AntiKt,N2Tiled,0.2
events-pp-13TeV-20GeV.hepmc3.gz,431.18,16,222.51,FastJet,AntiKt,N2Tiled,0.2
events-pp-20TeV-20GeV.hepmc3.gz,524.59,16,300.66,FastJet,AntiKt,N2Tiled,0.2
events-pp-20TeV-50GeV.hepmc3.gz,553.64,16,341.85,FastJet,AntiKt,N2Tiled,0.2
events-pp-30TeV-50GeV.hepmc3.gz,632.29,16,416.95,FastJet,AntiKt,N2Tiled,0.2
events-ee-Z.hepmc3.gz,43.05,16,15.99,FastJet,AntiKt,N2Tiled,0.4
events-ee-H.hepmc3.gz,64.97,16,27.48,FastJet,AntiKt,N2Tiled,0.4
events-pp-0.5TeV-5GeV.hepmc3.gz,112.62,16,35.96,FastJet,AntiKt,N2Tiled,0.4
events-pp-1TeV-5GeV.hepmc3.gz,160.36,16,57.52,FastJet,AntiKt,N2Tiled,0.4
events-pp-2TeV-5Gev.hepmc3.gz,188.21,16,74.13,FastJet,AntiKt,N2Tiled,0.4
events-pp-1TeV.hepmc3.gz,226.98,16,99.8,FastJet,AntiKt,N2Tiled,0.4
events-pp-2TeV.hepmc3.gz,226.98,16,99.5,FastJet,AntiKt,N2Tiled,0.4
events-pp-5TeV-10GeV.hepmc3.gz,284.15,16,135.39,FastJet,AntiKt,N2Tiled,0.4
events-pp-8TeV-20GeV.hepmc3.gz,354.18,16,194.94,FastJet,AntiKt,N2Tiled,0.4
events-pp-13TeV-20GeV.hepmc3.gz,431.18,16,260.01,FastJet,AntiKt,N2Tiled,0.4
events-pp-20TeV-20GeV.hepmc3.gz,524.59,16,352.57,FastJet,AntiKt,N2Tiled,0.4
events-pp-20TeV-50GeV.hepmc3.gz,553.64,16,397.46,FastJet,AntiKt,N2Tiled,0.4
events-pp-30TeV-50GeV.hepmc3.gz,632.29,16,483.79,FastJet,AntiKt,N2Tiled,0.4
events-ee-Z.hepmc3.gz,43.05,16,14.21,FastJet,CA,N2Plain,3.0
events-ee-H.hepmc3.gz,64.97,16,25.11,FastJet,CA,N2Plain,3.0
events-pp-0.5TeV-5GeV.hepmc3.gz,112.62,16,56.89,FastJet,CA,N2Plain,3.0
events-pp-1TeV-5GeV.hepmc3.gz,160.36,16,101.17,FastJet,CA,N2Plain,3.0
events-pp-2TeV-5Gev.hepmc3.gz,188.21,16,139.96,FastJet,CA,N2Plain,3.0
events-pp-1TeV.hepmc3.gz,226.98,16,185.8,FastJet,CA,N2Plain,3.0
events-pp-2TeV.hepmc3.gz,226.98,16,185.52,FastJet,CA,N2Plain,3.0
events-pp-5TeV-10GeV.hepmc3.gz,284.15,16,283.58,FastJet,CA,N2Plain,3.0
events-pp-8TeV-20GeV.hepmc3.gz,354.18,16,430.2,FastJet,CA,N2Plain,3.0
events-pp-13TeV-20GeV.hepmc3.gz,431.18,16,608.75,FastJet,CA,N2Plain,3.0
events-pp-20TeV-20GeV.hepmc3.gz,524.59,16,872.82,FastJet,CA,N2Plain,3.0
events-pp-20TeV-50GeV.hepmc3.gz,553.64,16,988.05,FastJet,CA,N2Plain,3.0
events-pp-30TeV-50GeV.hepmc3.gz,632.29,16,1246.88,FastJet,CA,N2Plain,3.0
events-ee-Z.hepmc3.gz,43.05,16,15.85125,Julia,Kt,N2Tiled,0.4
events-ee-H.hepmc3.gz,64.97,16,28.05625,Julia,Kt,N2Tiled,0.4
events-pp-0.5TeV-5GeV.hepmc3.gz,112.62,16,28.825,Julia,Kt,N2Tiled,0.4
events-pp-1TeV-5GeV.hepmc3.gz,160.36,16,45.44375,Julia,Kt,N2Tiled,0.4
events-pp-2TeV-5Gev.hepmc3.gz,188.21,16,56.44125,Julia,Kt,N2Tiled,0.4
events-pp-1TeV.hepmc3.gz,226.98,16,79.72208,Julia,Kt,N2Tiled,0.4
events-pp-2TeV.hepmc3.gz,226.98,16,79.64833,Julia,Kt,N2Tiled,0.4
events-pp-5TeV-10GeV.hepmc3.gz,284.15,16,99.38708000000001,Julia,Kt,N2Tiled,0.4
events-pp-8TeV-20GeV.hepmc3.gz,354.18,16,140.51959,Julia,Kt,N2Tiled,0.4
events-pp-13TeV-20GeV.hepmc3.gz,431.18,16,184.94457999999997,Julia,Kt,N2Tiled,0.4
events-pp-20TeV-20GeV.hepmc3.gz,524.59,16,242.82833,Julia,Kt,N2Tiled,0.4
events-pp-20TeV-50GeV.hepmc3.gz,553.64,16,275.67833,Julia,Kt,N2Tiled,0.4
events-pp-30TeV-50GeV.hepmc3.gz,632.29,16,322.29333,Julia,Kt,N2Tiled,0.4
events-ee-Z.hepmc3.gz,43.05,16,12.06958,Julia,CA,N2Plain,2.0
events-ee-H.hepmc3.gz,64.97,16,22.53542,Julia,CA,N2Plain,2.0
events-pp-0.5TeV-5GeV.hepmc3.gz,112.62,16,56.67959,Julia,CA,N2Plain,2.0
events-pp-1TeV-5GeV.hepmc3.gz,160.36,16,109.42333,Julia,CA,N2Plain,2.0
events-pp-2TeV-5Gev.hepmc3.gz,188.21,16,158.03041000000002,Julia,CA,N2Plain,2.0
events-pp-1TeV.hepmc3.gz,226.98,16,214.1625,Julia,CA,N2Plain,2.0
events-pp-2TeV.hepmc3.gz,226.98,16,213.09457999999998,Julia,CA,N2Plain,2.0
events-pp-5TeV-10GeV.hepmc3.gz,284.15,16,338.76292,Julia,CA,N2Plain,2.0
events-pp-8TeV-20GeV.hepmc3.gz,354.18,16,532.60375,Julia,CA,N2Plain,2.0
events-pp-13TeV-20GeV.hepmc3.gz,431.18,16,768.2916700000001,Julia,CA,N2Plain,2.0
events-pp-20TeV-20GeV.hepmc3.gz,524.59,16,1120.4558299999999,Julia,CA,N2Plain,2.0
events-pp-20TeV-50GeV.hepmc3.gz,553.64,16,1278.47541,Julia,CA,N2Plain,2.0
events-pp-30TeV-50GeV.hepmc3.gz,632.29,16,1626.29125,Julia,CA,N2Plain,2.0
events-ee-Z.hepmc3.gz,43.05,16,21.17791,Julia,AntiKt,N2Tiled,1.5
events-ee-H.hepmc3.gz,64.97,16,35.2875,Julia,AntiKt,N2Tiled,1.5
events-pp-0.5TeV-5GeV.hepmc3.gz,112.62,16,63.10541,Julia,AntiKt,N2Tiled,1.5
events-pp-1TeV-5GeV.hepmc3.gz,160.36,16,96.36792,Julia,AntiKt,N2Tiled,1.5
events-pp-2TeV-5Gev.hepmc3.gz,188.21,16,118.63458,Julia,AntiKt,N2Tiled,1.5
events-pp-1TeV.hepmc3.gz,226.98,16,150.35709,Julia,AntiKt,N2Tiled,1.5
events-pp-2TeV.hepmc3.gz,226.98,16,149.68334000000002,Julia,AntiKt,N2Tiled,1.5
events-pp-5TeV-10GeV.hepmc3.gz,284.15,16,196.51125,Julia,AntiKt,N2Tiled,1.5
events-pp-8TeV-20GeV.hepmc3.gz,354.18,16,269.06625,Julia,AntiKt,N2Tiled,1.5
events-pp-13TeV-20GeV.hepmc3.gz,431.18,16,345.2125,Julia,AntiKt,N2Tiled,1.5
events-pp-20TeV-20GeV.hepmc3.gz,524.59,16,447.54792000000003,Julia,AntiKt,N2Tiled,1.5
events-pp-20TeV-50GeV.hepmc3.gz,553.64,16,499.48459,Julia,AntiKt,N2Tiled,1.5
events-pp-30TeV-50GeV.hepmc3.gz,632.29,16,589.80291,Julia,AntiKt,N2Tiled,1.5
events-ee-Z.hepmc3.gz,43.05,16,15.825420000000001,Julia,CA,N2Tiled,0.4
events-ee-H.hepmc3.gz,64.97,16,28.292910000000003,Julia,CA,N2Tiled,0.4
events-pp-0.5TeV-5GeV.hepmc3.gz,112.62,16,27.86625,Julia,CA,N2Tiled,0.4
events-pp-1TeV-5GeV.hepmc3.gz,160.36,16,43.991670000000006,Julia,CA,N2Tiled,0.4
events-pp-2TeV-5Gev.hepmc3.gz,188.21,16,55.83375,Julia,CA,N2Tiled,0.4
events-pp-1TeV.hepmc3.gz,226.98,16,77.05583,Julia,CA,N2Tiled,0.4
events-pp-2TeV.hepmc3.gz,226.98,16,78.84667,Julia,CA,N2Tiled,0.4
events-pp-5TeV-10GeV.hepmc3.gz,284.15,16,98.96292,Julia,CA,N2Tiled,0.4
events-pp-8TeV-20GeV.hepmc3.gz,354.18,16,140.67292,Julia,CA,N2Tiled,0.4
events-pp-13TeV-20GeV.hepmc3.gz,431.18,16,181.34957999999997,Julia,CA,N2Tiled,0.4
events-pp-20TeV-20GeV.hepmc3.gz,524.59,16,236.93417000000002,Julia,CA,N2Tiled,0.4
events-pp-20TeV-50GeV.hepmc3.gz,553.64,16,267.70583000000005,Julia,CA,N2Tiled,0.4
events-pp-30TeV-50GeV.hepmc3.gz,632.29,16,313.87834,Julia,CA,N2Tiled,0.4
events-ee-Z.hepmc3.gz,43.05,16,11.41334,Julia,AntiKt,N2Plain,1.0
events-ee-H.hepmc3.gz,64.97,16,22.36167,Julia,AntiKt,N2Plain,1.0
events-pp-0.5TeV-5GeV.hepmc3.gz,112.62,16,54.64084,Julia,AntiKt,N2Plain,1.0
events-pp-1TeV-5GeV.hepmc3.gz,160.36,16,105.00917,Julia,AntiKt,N2Plain,1.0
events-pp-2TeV-5Gev.hepmc3.gz,188.21,16,150.21833,Julia,AntiKt,N2Plain,1.0
events-pp-1TeV.hepmc3.gz,226.98,16,202.97166,Julia,AntiKt,N2Plain,1.0
events-pp-2TeV.hepmc3.gz,226.98,16,204.61959,Julia,AntiKt,N2Plain,1.0
events-pp-5TeV-10GeV.hepmc3.gz,284.15,16,328.0875,Julia,AntiKt,N2Plain,1.0
events-pp-8TeV-20GeV.hepmc3.gz,354.18,16,511.975,Julia,AntiKt,N2Plain,1.0
events-pp-13TeV-20GeV.hepmc3.gz,431.18,16,742.43583,Julia,AntiKt,N2Plain,1.0
events-pp-20TeV-20GeV.hepmc3.gz,524.59,16,1079.50333,Julia,AntiKt,N2Plain,1.0
events-pp-20TeV-50GeV.hepmc3.gz,553.64,16,1234.66333,Julia,AntiKt,N2Plain,1.0
events-pp-30TeV-50GeV.hepmc3.gz,632.29,16,1551.61208,Julia,AntiKt,N2Plain,1.0
events-ee-Z.hepmc3.gz,43.05,16,11.3575,Julia,Kt,N2Plain,3.0
events-ee-H.hepmc3.gz,64.97,16,21.437910000000002,Julia,Kt,N2Plain,3.0
events-pp-0.5TeV-5GeV.hepmc3.gz,112.62,16,55.43958000000001,Julia,Kt,N2Plain,3.0
events-pp-1TeV-5GeV.hepmc3.gz,160.36,16,106.74291000000001,Julia,Kt,N2Plain,3.0
events-pp-2TeV-5Gev.hepmc3.gz,188.21,16,154.51,Julia,Kt,N2Plain,3.0
events-pp-1TeV.hepmc3.gz,226.98,16,205.19332999999997,Julia,Kt,N2Plain,3.0
events-pp-2TeV.hepmc3.gz,226.98,16,208.03207999999998,Julia,Kt,N2Plain,3.0
events-pp-5TeV-10GeV.hepmc3.gz,284.15,16,331.7625,Julia,Kt,N2Plain,3.0
events-pp-8TeV-20GeV.hepmc3.gz,354.18,16,515.59708,Julia,Kt,N2Plain,3.0
events-pp-13TeV-20GeV.hepmc3.gz,431.18,16,747.5975,Julia,Kt,N2Plain,3.0
events-pp-20TeV-20GeV.hepmc3.gz,524.59,16,1090.785,Julia,Kt,N2Plain,3.0
events-pp-20TeV-50GeV.hepmc3.gz,553.64,16,1246.06458,Julia,Kt,N2Plain,3.0
events-pp-30TeV-50GeV.hepmc3.gz,632.29,16,1576.62416,Julia,Kt,N2Plain,3.0
events-ee-Z.hepmc3.gz,43.05,16,21.08,FastJet,AntiKt,N2Tiled,2.0
events-ee-H.hepmc3.gz,64.97,16,34.91,FastJet,AntiKt,N2Tiled,2.0
events-pp-0.5TeV-5GeV.hepmc3.gz,112.62,16,66.69,FastJet,AntiKt,N2Tiled,2.0
events-pp-1TeV-5GeV.hepmc3.gz,160.36,16,105.88,FastJet,AntiKt,N2Tiled,2.0
events-pp-2TeV-5Gev.hepmc3.gz,188.21,16,134.35,FastJet,AntiKt,N2Tiled,2.0
events-pp-1TeV.hepmc3.gz,226.98,16,174.34,FastJet,AntiKt,N2Tiled,2.0
events-pp-2TeV.hepmc3.gz,226.98,16,174.13,FastJet,AntiKt,N2Tiled,2.0
events-pp-5TeV-10GeV.hepmc3.gz,284.15,16,239.42,FastJet,AntiKt,N2Tiled,2.0
events-pp-8TeV-20GeV.hepmc3.gz,354.18,16,338.66,FastJet,AntiKt,N2Tiled,2.0
events-pp-13TeV-20GeV.hepmc3.gz,431.18,16,450.52,FastJet,AntiKt,N2Tiled,2.0
events-pp-20TeV-20GeV.hepmc3.gz,524.59,16,606.92,FastJet,AntiKt,N2Tiled,2.0
events-pp-20TeV-50GeV.hepmc3.gz,553.64,16,712.56,FastJet,AntiKt,N2Tiled,2.0
events-pp-30TeV-50GeV.hepmc3.gz,632.29,16,833.17,FastJet,AntiKt,N2Tiled,2.0
events-ee-Z.hepmc3.gz,43.05,16,10.585,Julia,AntiKt,N2Plain,0.4
events-ee-H.hepmc3.gz,64.97,16,20.66625,Julia,AntiKt,N2Plain,0.4
events-pp-0.5TeV-5GeV.hepmc3.gz,112.62,16,41.622080000000004,Julia,AntiKt,N2Plain,0.4
events-pp-1TeV-5GeV.hepmc3.gz,160.36,16,83.41125,Julia,AntiKt,N2Plain,0.4
events-pp-2TeV-5Gev.hepmc3.gz,188.21,16,125.06125,Julia,AntiKt,N2Plain,0.4
events-pp-1TeV.hepmc3.gz,226.98,16,177.25582999999997,Julia,AntiKt,N2Plain,0.4
events-pp-2TeV.hepmc3.gz,226.98,16,175.76041,Julia,AntiKt,N2Plain,0.4
events-pp-5TeV-10GeV.hepmc3.gz,284.15,16,282.14417000000003,Julia,AntiKt,N2Plain,0.4
events-pp-8TeV-20GeV.hepmc3.gz,354.18,16,453.51916,Julia,AntiKt,N2Plain,0.4
events-pp-13TeV-20GeV.hepmc3.gz,431.18,16,666.92084,Julia,AntiKt,N2Plain,0.4
events-pp-20TeV-20GeV.hepmc3.gz,524.59,16,990.7775,Julia,AntiKt,N2Plain,0.4
events-pp-20TeV-50GeV.hepmc3.gz,553.64,16,1149.82917,Julia,AntiKt,N2Plain,0.4
events-pp-30TeV-50GeV.hepmc3.gz,632.29,16,1460.5870800000002,Julia,AntiKt,N2Plain,0.4
events-ee-Z.hepmc3.gz,43.05,16,14.4,FastJet,Kt,N2Plain,3.0
events-ee-H.hepmc3.gz,64.97,16,25.27,FastJet,Kt,N2Plain,3.0
events-pp-0.5TeV-5GeV.hepmc3.gz,112.62,16,57.82,FastJet,Kt,N2Plain,3.0
events-pp-1TeV-5GeV.hepmc3.gz,160.36,16,101.75,FastJet,Kt,N2Plain,3.0
events-pp-2TeV-5Gev.hepmc3.gz,188.21,16,140.07,FastJet,Kt,N2Plain,3.0
events-pp-1TeV.hepmc3.gz,226.98,16,184.48,FastJet,Kt,N2Plain,3.0
events-pp-2TeV.hepmc3.gz,226.98,16,184.62,FastJet,Kt,N2Plain,3.0
events-pp-5TeV-10GeV.hepmc3.gz,284.15,16,281.28,FastJet,Kt,N2Plain,3.0
events-pp-8TeV-20GeV.hepmc3.gz,354.18,16,424.98,FastJet,Kt,N2Plain,3.0
events-pp-13TeV-20GeV.hepmc3.gz,431.18,16,598.26,FastJet,Kt,N2Plain,3.0
events-pp-20TeV-20GeV.hepmc3.gz,524.59,16,854.02,FastJet,Kt,N2Plain,3.0
events-pp-20TeV-50GeV.hepmc3.gz,553.64,16,964.98,FastJet,Kt,N2Plain,3.0
events-pp-30TeV-50GeV.hepmc3.gz,632.29,16,1215.78,FastJet,Kt,N2Plain,3.0
events-ee-Z.hepmc3.gz,43.05,16,23.15334,Julia,Kt,N2Tiled,2.0
events-ee-H.hepmc3.gz,64.97,16,37.981660000000005,Julia,Kt,N2Tiled,2.0
events-pp-0.5TeV-5GeV.hepmc3.gz,112.62,16,73.58667,Julia,Kt,N2Tiled,2.0
events-pp-1TeV-5GeV.hepmc3.gz,160.36,16,115.37083000000001,Julia,Kt,N2Tiled,2.0
events-pp-2TeV-5Gev.hepmc3.gz,188.21,16,143.10334,Julia,Kt,N2Tiled,2.0
events-pp-1TeV.hepmc3.gz,226.98,16,185.70084,Julia,Kt,N2Tiled,2.0
events-pp-2TeV.hepmc3.gz,226.98,16,186.75833,Julia,Kt,N2Tiled,2.0
events-pp-5TeV-10GeV.hepmc3.gz,284.15,16,246.4375,Julia,Kt,N2Tiled,2.0
events-pp-8TeV-20GeV.hepmc3.gz,354.18,16,341.84,Julia,Kt,N2Tiled,2.0
events-pp-13TeV-20GeV.hepmc3.gz,431.18,16,444.0675,Julia,Kt,N2Tiled,2.0
events-pp-20TeV-20GeV.hepmc3.gz,524.59,16,581.7833400000001,Julia,Kt,N2Tiled,2.0
events-pp-20TeV-50GeV.hepmc3.gz,553.64,16,659.53459,Julia,Kt,N2Tiled,2.0
events-pp-30TeV-50GeV.hepmc3.gz,632.29,16,784.48541,Julia,Kt,N2Tiled,2.0
events-ee-Z.hepmc3.gz,43.05,16,13.78,FastJet,CA,N2Plain,1.5
events-ee-H.hepmc3.gz,64.97,16,24.62,FastJet,CA,N2Plain,1.5
events-pp-0.5TeV-5GeV.hepmc3.gz,112.62,16,54.44,FastJet,CA,N2Plain,1.5
events-pp-1TeV-5GeV.hepmc3.gz,160.36,16,97.9,FastJet,CA,N2Plain,1.5
events-pp-2TeV-5Gev.hepmc3.gz,188.21,16,136.6,FastJet,CA,N2Plain,1.5
events-pp-1TeV.hepmc3.gz,226.98,16,181.56,FastJet,CA,N2Plain,1.5
events-pp-2TeV.hepmc3.gz,226.98,16,181.49,FastJet,CA,N2Plain,1.5
events-pp-5TeV-10GeV.hepmc3.gz,284.15,16,278.84,FastJet,CA,N2Plain,1.5
events-pp-8TeV-20GeV.hepmc3.gz,354.18,16,424.49,FastJet,CA,N2Plain,1.5
events-pp-13TeV-20GeV.hepmc3.gz,431.18,16,602.85,FastJet,CA,N2Plain,1.5
events-pp-20TeV-20GeV.hepmc3.gz,524.59,16,864.31,FastJet,CA,N2Plain,1.5
events-pp-20TeV-50GeV.hepmc3.gz,553.64,16,979.55,FastJet,CA,N2Plain,1.5
events-pp-30TeV-50GeV.hepmc3.gz,632.29,16,1238.01,FastJet,CA,N2Plain,1.5
